ts_utc,uptime_s,load1,cpu_util_pct,cpu_freq_khz,temp_c,mem_available_kb,swap_used_kb,net_rx_bytes_s,net_tx_bytes_s,disk_read_bytes_s,disk_write_bytes_s,disk_busy_pct,svc_rss_kb,svc_threads,svc_fds,throttled_hex,net_tx_errors,net_rx_pause,net_tx_pause
2026-09-16T19:56:40Z,8813469,0.54,1.5,800000,60.9,6974048,11300,2206,1705,0,0,0.0,627580,11,61,0xe0000,103,11929,0
2026-09-16T19:56:45Z,8813475,0.50,1.5,1000000,59.9,6974612,11300,451,543,0,0,0.0,627580,11,61,0xe0000,103,11929,0
2026-09-16T19:56:50Z,8813480,0.50,1.6,600000,59.4,6972604,11300,386,496,0,0,0.0,627580,11,61,0xe0000,103,11929,0
2026-09-16T19:56:55Z,8813485,0.46,1.4,1100000,60.4,6973748,11300,335,423,0,0,0.0,627580,11,61,0xe0000,103,11929,0
2026-09-16T19:57:00Z,8813490,0.42,1.7,1200000,60.9,6975064,11300,414,516,0,0,0.0,627580,11,43,0xe0000,103,11929,0
2026-09-16T19:57:05Z,8813495,0.47,1.9,1800000,60.9,6973004,11300,347,432,0,0,0.0,627580,11,43,0xe0000,103,11929,0
2026-09-16T19:57:11Z,8813500,0.43,1.6,1100000,60.9,6973600,11300,2096,1684,0,0,0.0,627580,11,43,0xe0000,103,11929,0
2026-09-16T19:57:16Z,8813505,0.56,1.9,1800000,60.4,6975040,11300,436,550,0,0,0.0,627580,11,43,0xe0000,103,11929,0
2026-09-16T19:57:21Z,8813510,0.51,0.9,1800000,59.4,6973960,11300,379,445,0,0,0.0,627580,11,43,0xe0000,103,11929,0
2026-09-16T19:57:26Z,8813516,0.47,1.3,1100000,61.3,6976804,11300,297,405,0,0,0.0,627580,11,43,0xe0000,103,11929,0
2026-09-16T19:57:31Z,8813521,0.43,1.5,1000000,60.4,6976520,11300,398,472,0,0,0.0,627580,11,43,0xe0000,103,11929,0
2026-09-16T19:57:36Z,8813526,0.40,2.0,1100000,60.4,6975404,11300,271,349,0,795,0.0,627580,12,43,0xe0000,103,11929,0
2026-09-16T19:57:41Z,8813531,0.45,3.2,1100000,60.4,6974364,11300,1954,1612,0,11129,0.0,627580,11,43,0xe0000,103,11929,0
2026-09-16T19:57:46Z,8813536,0.41,1.8,1800000,60.9,6973148,11300,400,480,0,9541,0.0,627580,11,43,0xe0000,103,11929,0
2026-09-16T19:57:52Z,8813541,0.38,1.0,1800000,59.4,6973632,11300,275,370,0,0,0.0,627580,11,42,0xe0000,103,11929,0
2026-09-16T19:57:57Z,8813546,0.43,1.4,1100000,60.4,6974312,11300,284,354,0,0,0.0,627580,11,42,0xe0000,103,11929,0
2026-09-16T19:58:02Z,8813552,0.39,2.9,1100000,60.9,6976100,11300,17047,14319,13547,0,0.0,627580,15,44,0xe0000,103,11929,0
2026-09-16T19:58:07Z,8813557,0.36,2.0,1200000,59.9,6975500,11300,360,334,0,0,0.0,627580,15,44,0xe0000,103,11929,0
2026-09-16T19:58:12Z,8813562,0.41,2.9,1200000,59.9,6976816,11300,2057,1610,0,0,0.0,627580,11,44,0xe0000,103,11929,0
2026-09-16T19:58:17Z,8813567,0.38,1.9,1000000,60.4,6976036,11300,347,421,0,0,0.0,627580,11,44,0xe0000,103,11929,0
2026-09-16T19:58:22Z,8813572,0.35,1.4,800000,60.9,6975936,11300,273,353,0,0,0.0,627580,11,44,0xe0000,103,11929,0
2026-09-16T19:58:28Z,8813577,0.40,1.8,1800000,60.4,6976076,11300,257,353,0,0,0.0,627580,11,44,0xe0000,103,11929,0
2026-09-16T19:58:33Z,8813582,0.37,1.0,1000000,59.4,6976548,11300,353,418,0,0,0.0,627580,11,44,0xe0000,103,11929,0
2026-09-16T19:58:38Z,8813588,0.34,4.6,1800000,58.9,6978120,11300,56293,5760628,0,0,0.0,627580,16,50,0xe0000,103,11929,0
2026-09-16T19:58:43Z,8813593,0.31,6.9,1800000,60.4,6978080,11300,121721,12303864,2836797,0,2.3,627580,18,51,0xe0000,103,11937,0
2026-09-16T19:58:48Z,8813598,0.29,6.4,1000000,59.9,6980792,11300,118732,12303821,5712457,0,4.2,627580,18,50,0xe0000,103,11937,0
2026-09-16T19:58:53Z,8813603,0.42,8.5,900000,59.9,6975804,11300,119172,12289271,5595700,0,3.5,627580,18,50,0xe0000,104,11941,0
2026-09-16T19:58:58Z,8813608,0.79,6.3,1200000,60.9,6979116,11300,119945,12309046,5680164,0,5.1,627580,18,50,0xe0000,104,11941,0
2026-09-16T19:59:04Z,8813613,0.89,8.1,900000,60.9,6975832,11300,118932,12296362,5043588,0,3.7,627580,18,50,0xe0000,104,11941,0
2026-09-16T19:59:09Z,8813618,0.82,7.3,1800000,60.9,6975932,11300,120655,12286246,5582627,0,3.7,627580,18,50,0xe0000,105,11943,0
2026-09-16T19:59:14Z,8813623,0.75,7.4,900000,60.4,6964620,11300,118279,12320802,6695781,0,5.2,627580,18,43,0xe0000,105,11943,0
2026-09-16T19:59:19Z,8813629,0.69,7.4,1800000,61.3,6970716,11300,119893,12308619,6730044,0,4.7,627580,19,42,0xe0000,105,11943,0
2026-09-16T19:59:24Z,8813634,0.63,6.3,1000000,61.3,6965180,11300,119379,12293470,6795608,0,5.5,627580,19,43,0xe0000,106,11943,0
2026-09-16T19:59:29Z,8813639,0.74,7.4,1800000,60.9,6966536,11300,119864,12280948,6126827,0,4.7,627580,19,42,0xe0000,106,11943,0
2026-09-16T19:59:34Z,8813644,0.68,8.2,1000000,60.4,6972688,11300,119863,12316245,6104824,0,4.5,627580,19,38,0xe0000,106,11943,0
2026-09-16T19:59:40Z,8813649,0.79,6.9,1100000,61.3,6978200,11300,118632,12300841,5977360,794,4.3,627580,20,37,0xe0000,107,11943,0
2026-09-16T19:59:45Z,8813654,0.81,9.8,1000000,59.9,6971732,11300,147655,12283159,6287864,11121,4.7,627892,32,73,0xe0000,108,11943,0
2026-09-16T19:59:50Z,8813659,0.74,8.3,1800000,60.9,6972148,11300,121094,12292286,6697046,9559,4.1,627892,32,72,0xe0000,109,11943,0
2026-09-16T19:59:55Z,8813665,0.68,8.1,1800000,61.8,6970752,11300,117326,12304844,5878733,0,5.7,627896,28,72,0xe0000,109,11943,0
2026-09-16T20:00:00Z,8813670,0.63,7.0,1200000,60.9,6972804,11300,118723,12311407,6056581,0,3.4,627896,28,72,0xe0000,109,11947,0
2026-09-16T20:00:05Z,8813675,0.58,9.1,1800000,60.4,6955840,11300,119377,12298123,6692964,0,5.5,627896,28,72,0xe0000,110,11947,0
2026-09-16T20:00:10Z,8813680,0.64,6.5,1200000,61.3,6969212,11300,119391,12304911,6661301,0,4.4,627904,28,72,0xe0000,110,11949,0
2026-09-16T20:00:15Z,8813685,0.66,8.7,1000000,61.8,6977452,11300,119147,12305323,6631315,0,5.3,627916,28,65,0xe0000,110,11951,0
2026-09-16T20:00:21Z,8813690,0.69,10.4,1100000,60.9,6972776,11300,131866,12294664,6753470,0,5.0,627916,28,65,0xe0000,111,11951,0
2026-09-16T20:00:26Z,8813695,0.80,8.4,1800000,62.8,6972268,11300,127492,12264598,6611907,0,4.4,627916,28,65,0xe0000,112,11951,0
2026-09-16T20:00:31Z,8813700,0.73,7.3,1800000,61.3,6968464,11300,121102,12302301,6508884,0,4.7,627916,28,65,0xe0000,112,11951,0
2026-09-16T20:00:36Z,8813706,0.75,8.4,1800000,61.8,6966492,11300,120742,12311848,6588725,0,5.7,627916,28,65,0xe0000,112,11953,0
2026-09-16T20:00:41Z,8813711,0.69,8.2,1100000,61.8,6940000,11300,134209,12316998,6690004,0,4.0,627992,28,67,0xe0000,112,11953,0
2026-09-16T20:00:46Z,8813716,0.64,7.0,1800000,61.8,6968008,11300,121187,12295837,6445104,0,4.8,627992,28,67,0xe0000,112,11953,0
2026-09-16T20:00:51Z,8813721,0.67,8.3,1100000,61.3,6969020,11300,122486,12279623,7175390,0,5.1,629208,28,67,0xe0000,114,11953,0
2026-09-16T20:00:57Z,8813726,0.61,7.9,1800000,62.3,6969284,11300,119770,12308499,7099499,0,5.0,632396,28,59,0xe0000,114,11953,0
2026-09-16T20:01:02Z,8813731,0.56,8.3,1800000,62.3,6966788,11300,121621,12303736,6436592,0,4.4,633508,28,59,0xe0000,114,11953,0
2026-09-16T20:01:07Z,8813736,0.76,6.4,1800000,61.3,6970412,11300,120139,12295058,6477899,2394,4.9,634084,28,59,0xe0000,114,11953,0
2026-09-16T20:01:12Z,8813742,0.70,7.1,1800000,61.8,6960904,11300,120611,12303912,6125779,795,4.7,635532,28,57,0xe0000,114,11953,0
2026-09-16T20:01:17Z,8813747,0.64,7.7,900000,61.8,6961360,11300,123202,12292860,6535517,793,5.2,636140,29,57,0xe0000,114,11953,0
2026-09-16T20:01:22Z,8813752,0.59,6.9,1100000,62.3,6965080,11300,130203,12300373,6163035,9561,4.4,636140,29,57,0xe0000,114,11953,0
2026-09-16T20:01:27Z,8813757,0.54,8.3,1800000,62.8,6962380,11300,126376,12286233,5427037,7959,4.2,636156,29,57,0xe0000,114,11953,0
2026-09-16T20:01:32Z,8813762,0.50,6.7,1100000,62.8,6971280,11300,129970,12314784,5942674,0,4.9,636156,30,58,0xe0000,114,11953,0
2026-09-16T20:01:38Z,8813767,0.46,8.5,1800000,61.3,6965128,11300,126797,12286397,6165917,0,5.4,636564,30,57,0xe0000,114,11953,0
2026-09-16T20:01:43Z,8813772,0.42,6.8,900000,61.3,6951320,11300,127534,12315673,5600868,802,4.2,636564,31,57,0xe0000,114,11953,0
2026-09-16T20:01:48Z,8813778,0.39,6.7,1100000,62.8,6956924,11300,128886,12305642,5539368,11103,3.9,636564,28,57,0xe0000,114,11953,0
2026-09-16T20:01:53Z,8813783,0.52,8.5,1800000,63.8,6964908,11300,129996,12277776,6059827,9533,4.4,636564,28,47,0xe0000,114,11953,0
2026-09-16T20:01:58Z,8813788,0.48,6.8,1800000,62.3,6969228,11300,130945,12299974,5775759,0,4.3,636564,28,46,0xe0000,114,11953,0
2026-09-16T20:02:03Z,8813793,0.44,7.3,900000,62.3,6966268,11300,130114,12312606,5953250,0,4.2,636564,28,46,0xe0000,114,11953,0
2026-09-16T20:02:08Z,8813798,0.72,6.1,1100000,63.3,6966924,11300,128263,12147607,5940205,0,4.4,636564,28,46,0xe0000,114,11991,0
2026-09-16T20:02:14Z,8813803,0.66,9.8,1800000,62.3,6964528,11300,131582,12310445,6012715,0,4.4,636564,29,42,0xe0000,114,11991,0
2026-09-16T20:02:19Z,8813808,0.61,6.8,1000000,61.8,6972544,11300,131047,12287366,6118148,0,4.1,636564,30,43,0xe0000,114,11991,0
2026-09-16T20:02:24Z,8813814,0.56,8.9,1800000,61.8,6958848,11300,128926,12301313,5692807,0,5.4,636568,30,43,0xe0000,114,11991,0
2026-09-16T20:02:29Z,8813819,0.52,7.8,1000000,62.3,6968928,11300,130414,12298988,5811629,0,5.1,636740,30,42,0xe0000,114,11993,0
2026-09-16T20:02:34Z,8813824,0.47,9.0,900000,61.8,6969344,11300,125951,12293421,6192236,0,5.1,636740,30,42,0xe0000,114,11993,0
2026-09-16T20:02:39Z,8813829,0.52,8.2,1800000,62.3,6943152,11300,128561,12285680,5630807,0,5.1,637028,30,42,0xe0000,114,11993,0
2026-09-16T20:02:44Z,8813834,0.48,7.8,1800000,60.4,6954992,11300,128703,12327111,6179702,0,4.9,637028,30,42,0xe0000,114,11993,0
2026-09-16T20:02:50Z,8813839,0.44,6.6,1200000,63.3,6964800,11300,126970,12289631,5519534,0,4.7,637028,30,42,0xe0000,114,11995,0
2026-09-16T20:02:55Z,8813844,0.40,8.5,900000,62.3,6965436,11300,127694,12283826,5733893,0,4.5,637028,30,42,0xe0000,114,11999,0
2026-09-16T20:03:00Z,8813849,0.37,9.8,1800000,63.3,6953920,11300,129812,12274104,5751822,0,3.7,637028,30,42,0xe0000,114,12001,0
2026-09-16T20:03:05Z,8813855,0.50,7.9,1200000,62.8,6948888,11300,127283,12173151,5655498,0,4.1,637028,30,42,0xe0000,114,12071,0
2026-09-16T20:03:10Z,8813860,0.46,9.5,1200000,62.3,6954052,11300,127367,12309255,5855859,0,4.0,637028,30,42,0xe0000,114,12071,0
2026-09-16T20:03:15Z,8813865,0.50,8.1,1000000,61.8,6966132,11300,126526,12248994,5125527,0,4.0,637028,30,42,0xe0000,114,12071,0
2026-09-16T20:03:20Z,8813870,0.62,7.9,1800000,62.8,6991244,11300,132361,12284753,5622095,0,4.0,637028,30,43,0xe0000,114,12071,0
2026-09-16T20:03:25Z,8813875,0.92,7.5,1800000,62.8,6998596,11300,132051,12314347,5353702,0,4.5,637028,30,44,0xe0000,114,12071,0
2026-09-16T20:03:31Z,8813880,0.93,7.3,1200000,62.8,6988128,11300,129619,12310496,5614492,0,4.6,637028,30,42,0xe0000,114,12071,0
2026-09-16T20:03:36Z,8813885,0.85,8.5,1000000,61.8,6969032,11300,127049,12291082,5319460,0,3.7,637028,30,43,0xe0000,114,12073,0
2026-09-16T20:03:41Z,8813891,0.79,9.7,1800000,61.8,6966340,11300,127937,12259512,5355971,796,4.0,637028,31,42,0xe0000,114,12075,0
2026-09-16T20:03:46Z,8813896,0.80,6.5,1000000,61.8,6973536,11300,128717,12305120,4911166,9552,3.1,637028,31,42,0xe0000,114,12075,0
2026-09-16T20:03:51Z,8813901,0.74,6.2,1800000,63.3,6973656,11300,128742,12293952,5017804,7948,4.0,637028,30,42,0xe0000,114,12077,0
2026-09-16T20:03:56Z,8813906,0.68,6.4,1200000,63.8,6968444,11300,127630,12295669,5867657,0,5.7,637028,30,41,0xe0000,114,12079,0
2026-09-16T20:04:02Z,8813911,0.94,7.7,1800000,62.3,6977884,11300,129023,12279234,5350178,0,3.5,637028,30,40,0xe0000,114,12079,0
2026-09-16T20:04:07Z,8813916,0.87,6.9,1100000,61.8,6975224,11300,128113,12283867,5396516,0,3.5,637028,30,40,0xe0000,114,12081,0
2026-09-16T20:04:12Z,8813921,0.80,8.9,1000000,62.8,6971956,11300,127170,12280613,5514793,0,3.3,637028,30,41,0xe0000,114,12083,0
2026-09-16T20:04:17Z,8813927,0.73,6.1,1800000,62.3,6975036,11300,130106,12308252,5323875,0,4.2,637028,30,41,0xe0000,114,12087,0
2026-09-16T20:04:22Z,8813932,0.68,6.2,1000000,62.8,6974416,11300,128806,12300965,4856360,0,4.0,637028,30,40,0xe0000,114,12113,0
2026-09-16T20:04:27Z,8813937,0.78,7.1,1800000,61.8,6971272,11300,129467,12299105,5003376,0,4.6,637028,30,40,0xe0000,114,12113,0
2026-09-16T20:04:32Z,8813942,0.72,6.8,1100000,63.3,6973516,11300,130295,12299664,5534812,0,3.5,637028,30,40,0xe0000,114,12125,0
2026-09-16T20:04:38Z,8813947,0.66,6.2,1800000,63.8,6973704,11300,127683,12219847,4758060,0,4.3,637028,30,38,0xe0000,114,12125,0
2026-09-16T20:04:43Z,8813952,0.61,6.6,1800000,63.8,6975084,11300,128541,12320884,5368200,0,3.0,637028,30,38,0xe0000,114,12125,0
2026-09-16T20:04:48Z,8813957,0.56,6.3,1100000,62.8,6974064,11300,129368,12298148,4624698,0,3.3,637028,30,38,0xe0000,114,12125,0
2026-09-16T20:04:53Z,8813963,0.51,8.3,1800000,63.3,6974496,11300,129699,12293577,4675710,0,4.1,637028,30,38,0xe0000,114,12125,0
2026-09-16T20:04:58Z,8813968,0.47,6.1,1100000,63.3,6973000,11300,128445,12299315,4951630,0,3.3,637028,30,38,0xe0000,114,12125,0
2026-09-16T20:05:03Z,8813973,0.43,9.5,900000,63.3,6974124,11300,129637,12299430,5076347,0,4.3,637028,30,38,0xe0000,114,12125,0
2026-09-16T20:05:08Z,8813978,0.40,7.0,1800000,63.3,6977516,11300,129358,12295080,5683117,0,4.0,637028,30,38,0xe0000,114,12125,0
2026-09-16T20:05:14Z,8813983,0.37,6.2,900000,62.8,6966892,11300,128653,12296574,5011714,0,4.4,637028,30,38,0xe0000,114,12127,0
2026-09-16T20:05:19Z,8813988,0.34,8.7,1800000,62.3,6976968,11300,126485,12307087,5677007,0,5.4,637028,30,38,0xe0000,114,12127,0
2026-09-16T20:05:24Z,8813993,0.31,6.5,1200000,63.8,6975016,11300,124759,12292124,5894546,0,4.1,637028,30,38,0xe0000,114,12127,0
2026-09-16T20:05:29Z,8813999,0.29,8.0,1800000,64.3,6974628,11300,126660,12286500,5601343,0,3.8,637028,30,38,0xe0000,114,12127,0
2026-09-16T20:05:34Z,8814004,0.26,6.4,1000000,63.3,6978332,11300,129876,12315320,5073934,0,3.5,637028,30,37,0xe0000,114,12129,0
2026-09-16T20:05:39Z,8814009,0.24,7.9,1800000,64.8,6974488,11300,129755,12301609,5309939,0,3.4,637028,30,37,0xe0000,114,12129,0
2026-09-16T20:05:44Z,8814014,0.30,6.4,1100000,64.8,6973272,11300,127904,12302918,4878407,0,3.6,637028,30,37,0xe0000,114,12133,0
2026-09-16T20:05:50Z,8814019,0.28,7.4,1800000,64.3,6973768,11300,129569,12294681,4937235,794,3.9,637028,31,37,0xe0000,114,12135,0
2026-09-16T20:05:55Z,8814024,0.26,6.7,1000000,63.8,6977480,11300,129893,12315593,5053879,11151,3.3,637028,30,37,0xe0000,114,12135,0
2026-09-16T20:06:00Z,8814030,0.32,8.7,1800000,63.3,6977160,11300,126703,12287702,5089776,9522,3.6,637060,30,37,0xe0000,114,12139,0
2026-09-16T20:06:05Z,8814035,0.29,6.1,1000000,63.8,6977004,11300,127627,12288899,5178017,0,4.0,637060,30,37,0xe0000,114,12141,0
2026-09-16T20:06:10Z,8814040,0.27,9.6,1800000,64.3,6978284,11300,127570,12272133,5213546,0,3.3,637060,30,37,0xe0000,114,12143,0
2026-09-16T20:06:15Z,8814045,0.33,6.8,1800000,63.3,6973844,11300,127354,12273575,5105489,0,5.0,637060,30,38,0xe0000,114,12143,0
2026-09-16T20:06:20Z,8814050,0.30,6.4,1000000,63.3,6974784,11300,128217,12249698,5635288,2388,3.2,637060,30,37,0xe0000,114,12145,0
2026-09-16T20:06:26Z,8814055,0.49,9.3,900000,62.8,6974768,11300,125792,12256186,5389829,794,3.8,637080,30,38,0xe0000,114,12147,0
2026-09-16T20:06:31Z,8814060,0.45,8.8,1800000,62.8,6977636,11300,126874,12307200,4798437,0,4.1,637080,30,38,0xe0000,114,12147,0
2026-09-16T20:06:36Z,8814065,0.42,6.3,1100000,63.3,6975320,11300,126470,12301673,5061074,0,4.0,637080,30,38,0xe0000,114,12149,0
2026-09-16T20:06:41Z,8814071,0.46,8.7,1800000,63.8,6977988,11300,130467,12278419,5020712,0,4.0,637080,30,38,0xe0000,114,12151,0
2026-09-16T20:06:46Z,8814076,0.43,7.5,900000,63.8,6977900,11300,127898,12310653,5346925,0,3.9,637080,30,39,0xe0000,114,12151,0
2026-09-16T20:06:51Z,8814081,0.63,9.3,1000000,62.8,6977360,11300,127980,12308719,5209702,0,3.8,637080,30,38,0xe0000,114,12151,0
2026-09-16T20:06:56Z,8814086,0.58,9.3,1200000,62.8,6975580,11300,128061,12291629,4423208,0,3.3,637080,30,38,0xe0000,114,12151,0
2026-09-16T20:07:02Z,8814091,0.54,7.1,1800000,64.3,6969976,11300,127649,12226205,4780918,0,4.1,637080,30,38,0xe0000,114,12153,0
2026-09-16T20:07:07Z,8814096,0.49,8.1,1000000,62.8,6972688,11300,127720,12259312,5157622,0,4.0,637080,30,38,0xe0000,114,12155,0
2026-09-16T20:07:12Z,8814101,0.45,8.4,1800000,64.3,6972600,11300,129122,12285083,5200548,0,3.6,637080,30,38,0xe0000,114,12157,0
2026-09-16T20:07:17Z,8814107,0.42,8.1,1000000,63.3,6976072,11300,126549,12313092,5265300,0,4.9,637080,30,38,0xe0000,114,12161,0
2026-09-16T20:07:22Z,8814112,0.46,6.4,1800000,64.3,6974676,11300,126317,12264454,5343928,0,5.0,637080,30,38,0xe0000,114,12165,0
2026-09-16T20:07:27Z,8814117,0.51,6.3,1000000,63.8,6975596,11300,130017,12295002,5157673,0,4.4,637080,30,38,0xe0000,114,12167,0
2026-09-16T20:07:32Z,8814122,0.47,7.1,1800000,63.8,6976400,11300,132315,12279392,4851619,0,3.8,637088,30,41,0xe0000,114,12167,0
2026-09-16T20:07:37Z,8814127,0.43,9.0,1800000,64.3,6953708,11300,126216,12268535,5645992,0,4.2,637088,30,40,0xe0000,114,12169,0
2026-09-16T20:07:43Z,8814132,0.39,7.5,1000000,62.8,6967120,11300,128626,12221533,5358771,0,4.0,637088,30,40,0xe0000,114,12173,0
2026-09-16T20:07:48Z,8814137,0.44,9.0,1800000,62.8,6963584,11300,129413,12300309,4951383,0,3.7,637088,30,40,0xe0000,114,12175,0
2026-09-16T20:07:53Z,8814143,0.41,7.5,1100000,63.3,6968864,11300,127862,12298418,5224938,794,3.6,637128,31,40,0xe0000,114,12175,0
2026-09-16T20:07:58Z,8814148,0.37,9.2,1100000,64.8,6965796,11300,129173,12289896,5324547,11123,4.5,637128,30,40,0xe0000,114,12177,0
2026-09-16T20:08:03Z,8814153,0.34,7.1,1800000,64.8,6975900,11300,128920,12279340,4649348,9562,3.1,637128,30,40,0xe0000,114,12181,0
2026-09-16T20:08:08Z,8814158,0.32,8.8,1800000,63.8,6977776,11300,125847,12273096,5105809,0,4.1,637128,30,40,0xe0000,114,12185,0
2026-09-16T20:08:13Z,8814163,0.37,7.0,1100000,63.8,6976764,11300,130924,12292968,5025423,0,4.5,637128,30,40,0xe0000,114,12187,0
2026-09-16T20:08:19Z,8814168,0.34,6.6,1800000,64.3,6975444,11300,129778,12304017,5100896,0,3.4,637128,30,40,0xe0000,114,12189,0
2026-09-16T20:08:24Z,8814173,0.39,6.4,1000000,64.3,6977412,11300,129099,12307838,4853498,0,3.5,637128,30,40,0xe0000,114,12191,0
2026-09-16T20:08:29Z,8814178,0.36,9.2,1800000,64.3,6970984,11300,126460,12279102,4703898,0,2.9,637128,30,40,0xe0000,114,12193,0
2026-09-16T20:08:34Z,8814184,0.33,6.0,1800000,63.8,6974844,11300,130280,12314574,4679634,0,3.9,637128,30,40,0xe0000,114,12195,0
2026-09-16T20:08:39Z,8814189,0.39,3.5,1100000,64.8,6973260,11300,47376,4387988,1719311,0,1.6,637128,30,34,0xe0000,114,12197,0
2026-09-16T20:08:44Z,8814194,0.36,5.9,1800000,64.8,6977676,11300,71572,8138444,972377,0,1.1,637128,30,43,0xe0000,115,12197,0
2026-09-16T20:08:49Z,8814199,0.41,6.4,1000000,63.8,6973840,11300,102715,12280859,2776356,0,2.5,637128,30,43,0xe0000,116,12207,0
2026-09-16T20:08:55Z,8814204,0.45,6.4,1200000,63.8,6972472,11300,99347,12295527,4009977,0,3.2,637128,30,43,0xe0000,118,12211,0
2026-09-16T20:09:00Z,8814209,0.42,8.4,1800000,63.8,6976556,11300,100355,12287038,3912106,0,3.7,637128,30,43,0xe0000,119,12211,0
2026-09-16T20:09:05Z,8814214,0.38,6.5,1800000,65.2,6977100,11300,101523,12321001,3628087,0,2.3,637128,30,43,0xe0000,120,12213,0
2026-09-16T20:09:10Z,8814220,0.51,6.5,1200000,63.8,6968320,11300,107968,12309276,3777371,0,2.9,637128,30,43,0xe0000,122,12215,0
2026-09-16T20:09:15Z,8814225,0.47,8.8,900000,64.3,6971840,11300,119198,12270629,4868704,0,3.0,638644,26,44,0xe0000,124,12215,0
2026-09-16T20:09:20Z,8814230,0.43,6.7,1800000,64.8,6969972,11300,107372,12288438,3748854,0,2.5,638644,26,44,0xe0000,125,12215,0
2026-09-16T20:09:25Z,8814235,0.56,7.6,1800000,63.3,6951656,11300,107055,12295011,4028989,0,3.1,638644,25,43,0xe0000,127,12215,0
2026-09-16T20:09:30Z,8814240,0.52,6.8,1000000,64.3,6962484,11300,107050,12317902,4302020,0,3.7,638644,25,43,0xe0000,128,12217,0
2026-09-16T20:09:36Z,8814245,0.47,8.2,1100000,64.3,6968808,11300,106637,12299020,4828356,0,4.1,638644,25,43,0xe0000,129,12229,0
2026-09-16T20:09:41Z,8814250,0.47,8.3,1800000,64.8,6951296,11300,109904,12287107,4858910,0,4.3,638644,25,43,0xe0000,131,12229,0
2026-09-16T20:09:46Z,8814255,0.52,6.2,1000000,63.3,6955968,11300,107717,12331050,4611871,0,3.8,638644,25,43,0xe0000,133,12231,0
2026-09-16T20:09:51Z,8814261,0.48,7.1,1100000,64.3,6957140,11300,108419,12302891,5056967,795,3.4,638644,26,43,0xe0000,133,12233,0
2026-09-16T20:09:56Z,8814266,0.44,8.5,1800000,64.8,6965596,11300,106624,12300787,4961742,11107,3.8,638644,26,43,0xe0000,134,12233,0
2026-09-16T20:10:01Z,8814271,0.40,7.1,900000,64.3,6953992,11300,106065,12299229,5288725,9552,4.4,638644,25,43,0xe0000,134,12235,0
2026-09-16T20:10:06Z,8814276,0.37,8.8,1000000,65.2,6961696,11300,106559,12299103,5315643,0,3.9,638644,25,43,0xe0000,134,12243,0
2026-09-16T20:10:12Z,8814281,0.34,7.4,1800000,65.2,6967308,11300,108334,12264359,5219574,0,5.5,638644,25,43,0xe0000,136,12243,0
2026-09-16T20:10:17Z,8814286,0.31,7.2,1800000,64.8,6968728,11300,108908,12326756,5230992,0,4.2,638644,25,43,0xe0000,136,12243,0
2026-09-16T20:10:22Z,8814291,0.53,6.4,1800000,63.3,6967396,11300,107899,12295015,5104923,0,4.0,638644,25,43,0xe0000,137,12245,0
2026-09-16T20:10:27Z,8814297,0.49,6.2,900000,64.8,6968780,11300,108480,12286246,4849020,0,3.1,638644,25,43,0xe0000,140,12245,0
2026-09-16T20:10:32Z,8814302,0.45,7.2,1800000,64.3,6963772,11300,105973,12260272,5330377,0,4.5,638644,25,38,0xe0000,143,12245,0
2026-09-16T20:10:37Z,8814307,0.41,8.3,1100000,64.3,6970068,11300,107220,12324214,5700803,0,3.6,638644,26,37,0xe0000,143,12247,0
2026-09-16T20:10:42Z,8814312,0.46,9.4,1800000,65.2,6969628,11300,107311,12299596,5547861,0,7.1,638644,26,37,0xe0000,143,12251,0
2026-09-16T20:10:48Z,8814317,0.42,6.4,1000000,66.2,6968884,11300,107520,12281248,5392951,0,5.4,638644,26,37,0xe0000,143,12271,0
2026-09-16T20:10:53Z,8814322,0.47,7.7,1800000,64.8,6966332,11300,106667,12243297,5701278,0,4.7,638644,26,37,0xe0000,143,12277,0
2026-09-16T20:10:58Z,8814327,0.43,8.3,1000000,64.3,6963100,11300,106698,12313860,4192029,0,3.4,638644,26,37,0xe0000,145,12283,0
2026-09-16T20:11:03Z,8814333,0.48,6.3,1800000,65.2,6971148,11300,107313,12289593,3890199,0,3.7,638644,26,37,0xe0000,145,12317,0
2026-09-16T20:11:08Z,8814338,0.44,6.2,1000000,64.3,6970952,11300,106877,12286162,3945205,0,4.2,638644,26,37,0xe0000,147,12329,0
2026-09-16T20:11:13Z,8814343,0.64,6.8,1800000,64.8,6971872,11300,108146,12303701,3919762,0,5.0,638644,25,37,0xe0000,148,12333,0
2026-09-16T20:11:18Z,8814348,0.67,6.6,1000000,63.8,6968632,11300,108375,12273400,3767196,0,2.8,638644,25,37,0xe0000,149,12333,0
2026-09-16T20:11:24Z,8814353,0.62,6.6,1800000,65.7,6968644,11300,107338,12265722,4049049,0,3.3,638644,24,37,0xe0000,150,12335,0
2026-09-16T20:11:29Z,8814358,0.57,7.8,1800000,64.8,6968732,11300,107374,12302664,3796374,2412,3.7,638644,25,37,0xe0000,151,12337,0
2026-09-16T20:11:34Z,8814363,0.60,6.5,1100000,65.2,6970180,11300,107369,12302904,3199988,796,2.1,638644,25,37,0xe0000,153,12337,0
2026-09-16T20:11:39Z,8814369,0.55,8.8,1100000,63.8,6968236,11300,106060,12288621,3238517,0,2.7,638644,24,37,0xe0000,154,12341,0
2026-09-16T20:11:44Z,8814374,0.51,8.7,1800000,64.8,6970392,11300,107357,12304191,2487216,0,2.0,638644,25,37,0xe0000,155,12343,0
2026-09-16T20:11:49Z,8814379,0.55,6.1,1200000,64.3,6971088,11300,107597,12298200,3117285,0,2.9,638644,25,37,0xe0000,155,12345,0
2026-09-16T20:11:54Z,8814384,0.50,6.6,1800000,65.7,6966236,11300,107926,12293089,2894412,0,2.6,638644,27,50,0xe0000,156,12347,0
2026-09-16T20:12:00Z,8814389,0.46,8.4,1000000,64.3,6947408,11300,140796,12299276,2902827,791,2.6,638652,32,67,0xe0000,157,12363,0
2026-09-16T20:12:05Z,8814394,0.51,9.1,1200000,63.8,6956852,11300,112397,12297684,3360986,10332,2.3,638656,31,67,0xe0000,158,12363,0
2026-09-16T20:12:10Z,8814400,0.47,8.2,1000000,64.3,6967664,11300,105969,12300162,3179010,8762,2.6,638656,31,67,0xe0000,158,12367,0
2026-09-16T20:12:15Z,8814405,0.43,7.5,1800000,65.2,6969800,11300,120043,12300222,3501813,0,2.2,638656,29,75,0xe0000,159,12371,0
2026-09-16T20:12:20Z,8814410,0.39,6.7,1100000,65.7,6965684,11300,121895,12295201,3387322,0,3.2,638656,29,86,0xe0000,159,12377,0
2026-09-16T20:12:25Z,8814415,0.36,9.4,1800000,65.2,6948200,11300,115075,12266290,3323588,0,2.4,638656,29,92,0xe0000,160,12391,0
2026-09-16T20:12:30Z,8814420,0.41,7.1,1800000,64.8,6957576,11300,106896,12296617,3468373,0,2.7,638656,29,86,0xe0000,161,12395,0
2026-09-16T20:12:35Z,8814425,0.38,7.2,1200000,64.8,6958816,11300,120071,12299838,3465705,0,3.1,638656,29,87,0xe0000,161,12407,0
2026-09-16T20:12:41Z,8814430,0.35,9.1,1800000,64.8,6963204,11300,106643,12297137,3229340,0,3.0,638656,29,86,0xe0000,161,12409,0
2026-09-16T20:12:46Z,8814435,0.48,6.4,1000000,65.7,6964252,11300,113885,12301778,4108765,0,3.2,638656,29,86,0xe0000,161,12413,0
2026-09-16T20:12:51Z,8814441,0.63,8.0,1800000,65.7,6960740,11300,106637,12265725,4659472,0,4.4,638656,29,86,0xe0000,161,12431,0
2026-09-16T20:12:56Z,8814446,0.66,8.2,1800000,64.8,6961368,11300,119096,12294199,4540450,0,3.5,638656,29,94,0xe0000,162,12437,0
2026-09-16T20:13:01Z,8814451,0.61,6.8,1100000,64.8,6964800,11300,107004,12319034,4711000,0,4.0,638656,29,93,0xe0000,162,12439,0
2026-09-16T20:13:06Z,8814456,0.64,9.3,1100000,63.8,6960464,11300,118418,12293979,4224018,0,3.8,638656,29,94,0xe0000,162,12447,0
2026-09-16T20:13:11Z,8814461,0.59,8.1,1800000,64.8,6962044,11300,107222,12286109,4654861,0,3.7,638656,29,83,0xe0000,162,12451,0
2026-09-16T20:13:17Z,8814466,0.54,7.5,1800000,64.8,6962984,11300,114095,12318959,5192481,0,4.1,638656,30,77,0xe0000,163,12455,0
2026-09-16T20:13:22Z,8814471,0.50,6.5,1100000,64.3,6950348,11300,107965,12294394,5105528,0,4.8,638656,30,77,0xe0000,164,12455,0
2026-09-16T20:13:27Z,8814476,0.45,8.6,1100000,64.3,6959068,11300,103798,12218219,4823047,0,4.3,638656,30,76,0xe0000,164,12455,0
2026-09-16T20:13:32Z,8814482,0.42,8.7,1800000,65.2,6980988,11300,105397,12283194,4881098,0,3.9,638656,30,66,0xe0000,165,12457,0
2026-09-16T20:13:37Z,8814487,0.38,7.4,1800000,64.8,6999684,11300,105629,12307712,5142841,0,3.6,638656,30,46,0xe0000,166,12457,0
2026-09-16T20:13:42Z,8814492,0.43,6.5,1100000,64.8,6994952,11300,109745,12305247,4801519,0,4.0,638656,30,46,0xe0000,167,12457,0
2026-09-16T20:13:47Z,8814497,0.40,9.0,900000,64.8,6960152,11300,112604,12291025,4885474,0,3.6,638656,30,44,0xe0000,167,12463,0
2026-09-16T20:13:53Z,8814502,0.69,7.0,1800000,65.2,6962788,11300,113807,12296189,4825752,0,3.0,638656,30,44,0xe0000,167,12477,0
2026-09-16T20:13:58Z,8814507,0.71,6.2,1100000,64.8,6965144,11300,111872,12288303,4581165,0,3.0,638656,30,44,0xe0000,168,12483,0
2026-09-16T20:14:03Z,8814512,0.66,6.8,1200000,64.3,6967196,11300,109767,12277527,5306829,794,4.4,638656,31,44,0xe0000,168,12487,0
2026-09-16T20:14:08Z,8814518,0.92,9.3,1200000,63.8,6959680,11300,111309,12292857,4884309,10321,3.3,638656,30,44,0xe0000,170,12489,0
2026-09-16T20:14:13Z,8814523,0.93,8.0,1800000,65.7,6962016,11300,111569,12280152,5088080,8762,4.4,638656,30,44,0xe0000,171,12493,0
2026-09-16T20:14:18Z,8814528,0.94,8.4,1800000,64.8,6968816,11300,110558,12318524,4875358,0,4.2,638656,30,44,0xe0000,172,12495,0
2026-09-16T20:14:23Z,8814533,0.94,6.2,1000000,64.3,6971700,11300,109759,12266527,4316303,0,2.7,638656,30,44,0xe0000,173,12605,0
2026-09-16T20:14:29Z,8814538,0.95,8.9,1800000,63.8,6970780,11300,112701,12294032,4764379,0,3.6,638656,30,44,0xe0000,173,12609,0
2026-09-16T20:14:34Z,8814543,0.95,6.7,1200000,64.8,6968164,11300,112576,12308458,4728035,0,3.9,638656,28,40,0xe0000,174,12611,0
2026-09-16T20:14:39Z,8814548,1.20,9.7,1800000,65.2,6969708,11300,114816,12301643,4945572,0,5.0,638656,29,40,0xe0000,174,12617,0
2026-09-16T20:14:44Z,8814554,1.10,7.0,1100000,65.2,6968076,11300,116163,12302530,4883170,0,4.0,638656,29,43,0xe0000,176,12621,0
2026-09-16T20:14:49Z,8814559,1.01,10.1,1800000,64.8,6957168,11300,113603,12257225,4638339,0,3.5,638656,29,43,0xe0000,177,12621,0
2026-09-16T20:14:54Z,8814564,0.93,6.5,1100000,64.8,6954568,11300,114840,12325101,4866819,0,3.2,638656,28,43,0xe0000,178,12621,0
2026-09-16T20:14:59Z,8814569,0.85,6.6,1800000,64.8,6960876,11300,112325,12298767,4668935,0,3.7,638656,29,43,0xe0000,179,12625,0
2026-09-16T20:15:04Z,8814574,0.79,6.1,1200000,64.8,6967740,11300,113885,12306332,4786991,0,3.7,638656,29,45,0xe0000,180,12627,0
2026-09-16T20:15:10Z,8814579,0.72,9.5,1200000,64.8,6966580,11300,112168,12294431,4948814,0,3.0,638656,29,43,0xe0000,180,12631,0
2026-09-16T20:15:15Z,8814584,0.66,7.1,1800000,63.8,6970656,11300,112193,12257748,4719867,0,3.6,638656,29,43,0xe0000,181,12633,0
2026-09-16T20:15:20Z,8814590,0.61,8.5,1800000,66.2,6970792,11300,113485,12331517,4769665,0,3.8,638656,29,43,0xe0000,182,12633,0
2026-09-16T20:15:25Z,8814595,0.56,7.2,1000000,65.2,6965964,11300,113388,12288982,4926723,0,4.1,638656,29,43,0xe0000,183,12647,0
2026-09-16T20:15:30Z,8814600,0.52,8.5,1800000,65.2,6963656,11300,112536,12282453,4728022,0,3.5,638656,29,44,0xe0000,184,12647,0
2026-09-16T20:15:35Z,8814605,0.47,7.8,1000000,65.7,6967540,11300,112725,12322682,5008784,0,4.0,638656,29,43,0xe0000,184,12647,0
2026-09-16T20:15:40Z,8814610,0.44,7.0,1800000,65.7,6959400,11300,112380,12280893,5057202,0,2.9,638656,29,44,0xe0000,184,12649,0
2026-09-16T20:15:46Z,8814615,0.40,7.8,1800000,65.7,6962800,11300,113641,12304455,4887375,0,4.1,638656,29,44,0xe0000,184,12651,0
2026-09-16T20:15:51Z,8814620,0.37,9.0,1800000,64.8,6960004,11300,113728,12297603,5037643,0,4.0,638656,29,43,0xe0000,185,12653,0
2026-09-16T20:15:56Z,8814625,0.34,6.2,900000,64.3,6962904,11300,112532,12318658,4450733,0,3.5,638656,28,43,0xe0000,186,12657,0
2026-09-16T20:16:01Z,8814631,0.31,7.6,1800000,65.7,6964928,11300,112721,12289802,4900609,795,3.6,638656,30,40,0xe0000,186,12659,0
2026-09-16T20:16:06Z,8814636,0.34,7.2,1200000,65.7,6964640,11300,113594,12298239,4888828,10353,3.4,638656,31,37,0xe0000,186,12659,0
2026-09-16T20:16:11Z,8814641,0.31,8.5,1800000,64.8,6970048,11300,113811,12274618,4949335,8744,3.3,638656,30,37,0xe0000,187,12677,0
2026-09-16T20:16:16Z,8814646,0.29,7.4,1200000,65.7,6970008,11300,113603,12293795,4995238,0,3.8,638656,30,37,0xe0000,187,12681,0
2026-09-16T20:16:21Z,8814651,0.34,9.2,1800000,65.2,6969336,11300,112761,12274270,5037360,0,3.6,638656,30,37,0xe0000,187,12681,0
2026-09-16T20:16:27Z,8814656,0.32,7.4,1200000,64.8,6967492,11300,113507,12294540,4934079,0,4.0,638656,30,37,0xe0000,188,12683,0
2026-09-16T20:16:32Z,8814661,0.29,8.4,1800000,66.7,6966424,11300,110460,12286228,5008366,0,3.7,638656,30,37,0xe0000,188,12683,0
2026-09-16T20:16:37Z,8814667,0.43,6.7,1800000,65.2,6967024,11300,111318,12319124,4893927,2411,4.9,638656,30,37,0xe0000,188,12687,0
2026-09-16T20:16:42Z,8814672,0.39,8.1,1200000,65.2,6997600,11300,110821,12300240,4919984,795,2.7,638656,30,37,0xe0000,189,12693,0
2026-09-16T20:16:47Z,8814677,0.36,8.7,1800000,65.2,6993108,11300,113420,12277168,4759098,0,3.7,638656,30,37,0xe0000,189,12697,0
2026-09-16T20:16:52Z,8814682,0.49,6.8,1800000,65.2,6963324,11300,111226,12286404,4740467,0,3.3,638656,30,38,0xe0000,191,12701,0
2026-09-16T20:16:57Z,8814687,0.45,8.3,1800000,65.7,6968308,11300,112629,12288521,4466658,0,3.2,638656,30,37,0xe0000,191,12723,0
2026-09-16T20:17:02Z,8814692,0.42,6.9,1100000,64.8,6964292,11300,111754,12297642,4471091,804,3.0,638656,30,37,0xe0000,192,12737,0
2026-09-16T20:17:08Z,8814697,0.46,6.4,1800000,65.2,6974628,11300,111844,12280990,4859424,7948,3.8,638656,30,37,0xe0000,193,12739,0
2026-09-16T20:17:13Z,8814702,0.51,7.0,1100000,65.7,6973412,11300,114060,12318805,5123440,6363,3.3,638656,29,37,0xe0000,193,12739,0
2026-09-16T20:17:18Z,8814708,0.63,9.3,900000,66.2,6972500,11300,119329,12301036,4264342,0,2.6,638656,30,37,0xe0000,193,12739,0
2026-09-16T20:17:23Z,8814713,0.66,8.2,1800000,64.8,6972016,11300,115882,12277430,4760380,0,3.6,638656,30,37,0xe0000,193,12739,0
2026-09-16T20:17:28Z,8814718,0.60,8.0,1100000,65.2,6971456,11300,116575,12318543,5528721,0,3.5,638656,30,37,0xe0000,193,12739,0
2026-09-16T20:17:33Z,8814723,0.56,8.6,1800000,65.7,6975040,11300,114642,12282586,4475421,0,3.5,638656,30,37,0xe0000,193,12743,0
2026-09-16T20:17:38Z,8814728,0.51,7.9,1800000,66.2,6963672,11300,115578,12317623,4563802,0,3.5,638656,30,37,0xe0000,194,12743,0
2026-09-16T20:17:44Z,8814733,0.47,7.1,900000,65.2,6970316,11300,116741,12306848,4921735,0,3.5,638656,30,37,0xe0000,194,12745,0
2026-09-16T20:17:49Z,8814738,0.43,9.4,1000000,65.7,6971984,11300,114589,12285046,4850280,0,4.3,638656,30,37,0xe0000,194,12745,0
2026-09-16T20:17:54Z,8814743,0.64,8.0,1800000,65.2,6973860,11300,115540,12288713,4565145,0,3.7,638656,30,37,0xe0000,194,12745,0
2026-09-16T20:17:59Z,8814749,0.59,7.5,900000,65.2,6969540,11300,119866,12324866,4826365,0,4.0,638656,30,37,0xe0000,194,12745,0
2026-09-16T20:18:04Z,8814754,0.54,7.1,1800000,66.2,6971284,11300,116226,12304765,5059084,794,3.5,638656,31,37,0xe0000,196,12747,0
2026-09-16T20:18:09Z,8814759,0.50,6.1,1000000,64.8,6972564,11300,117278,12295650,4593609,9570,2.7,638656,30,37,0xe0000,199,12747,0
2026-09-16T20:18:14Z,8814764,0.46,7.6,1200000,65.7,6970956,11300,119486,12302109,4942715,7948,2.9,638656,30,37,0xe0000,200,12747,0
2026-09-16T20:18:20Z,8814769,0.50,9.4,1000000,65.2,6965652,11300,117782,12304342,4687908,0,4.0,638656,30,37,0xe0000,200,12747,0
2026-09-16T20:18:25Z,8814774,0.46,7.8,1800000,64.8,6967036,11300,117947,12274214,4968502,0,3.1,638656,30,37,0xe0000,200,12755,0
2026-09-16T20:18:30Z,8814779,0.50,8.3,900000,65.2,6968160,11300,119694,12310974,4573526,0,3.2,638656,30,37,0xe0000,202,12757,0
2026-09-16T20:18:35Z,8814785,0.46,7.3,1800000,64.8,6968824,11300,119481,12288875,4724778,0,3.9,638656,30,37,0xe0000,204,12757,0
2026-09-16T20:18:40Z,8814790,0.43,8.4,900000,64.3,6972796,11300,124915,12315862,4942703,0,4.3,638656,30,37,0xe0000,205,12759,0
2026-09-16T20:18:45Z,8814795,0.39,3.5,1000000,63.8,6971692,11300,20568,1870829,644821,0,0.5,638656,30,31,0xe0000,205,12759,0
2026-09-16T20:18:50Z,8814800,0.36,7.0,1800000,65.7,6976012,11300,90318,10671135,1314465,0,1.3,638656,30,37,0xe0000,205,12759,0
2026-09-16T20:18:56Z,8814805,0.33,5.4,1100000,64.8,6976380,11300,105263,12305122,2645004,0,2.3,638656,29,37,0xe0000,205,12761,0
2026-09-16T20:19:01Z,8814810,0.30,8.6,1800000,64.8,6975056,11300,108205,12267600,2844649,0,1.7,638656,29,37,0xe0000,205,12761,0
2026-09-16T20:19:06Z,8814815,0.36,6.2,1100000,65.7,6971436,11300,107470,12297671,2612638,0,1.9,638656,29,37,0xe0000,205,12761,0
2026-09-16T20:19:11Z,8814821,0.33,9.0,1800000,65.7,6972784,11300,114345,12292009,2004656,0,1.5,638656,30,37,0xe0000,205,12763,0
2026-09-16T20:19:16Z,8814826,0.54,6.0,900000,65.7,6972420,11300,113855,12304535,3141475,0,2.7,638656,28,37,0xe0000,207,12769,0
2026-09-16T20:19:21Z,8814831,0.83,9.5,1800000,66.2,6973676,11300,114588,12277479,2824329,0,2.0,638656,25,37,0xe0000,208,12785,0
2026-09-16T20:19:26Z,8814836,0.76,6.6,1000000,64.8,6976856,11300,117612,12286293,3018681,0,1.7,638656,26,37,0xe0000,208,12799,0
2026-09-16T20:19:32Z,8814841,0.86,8.5,1100000,66.2,6973724,11300,114772,12290645,3137078,0,2.2,638656,26,37,0xe0000,208,12799,0
2026-09-16T20:19:37Z,8814846,0.79,6.7,1800000,64.8,6972468,11300,115858,12298443,3445463,0,2.2,638656,26,37,0xe0000,208,12805,0
2026-09-16T20:19:42Z,8814851,0.81,6.2,1100000,66.2,6973692,11300,115046,12282113,3892284,0,2.4,638656,26,37,0xe0000,208,12829,0
2026-09-16T20:19:47Z,8814857,0.91,8.8,900000,65.7,6972324,11300,115776,12281471,4223854,0,3.3,638656,26,37,0xe0000,208,12837,0
2026-09-16T20:19:52Z,8814862,0.91,8.6,1800000,65.7,6968128,11300,115711,12275361,4001651,0,2.6,638656,26,38,0xe0000,208,12841,0
2026-09-16T20:19:57Z,8814867,0.84,7.1,1100000,64.8,6957832,11300,117436,12298158,4660014,0,3.1,638656,26,37,0xe0000,208,12857,0
2026-09-16T20:20:02Z,8814872,0.77,9.6,900000,64.8,6966476,11300,115807,12296224,3930189,796,3.3,638656,27,37,0xe0000,208,12859,0
2026-09-16T20:20:08Z,8814877,0.71,6.6,1800000,65.7,6972072,11300,116049,12310211,4272656,11150,2.9,638656,27,37,0xe0000,209,12861,0
2026-09-16T20:20:13Z,8814882,0.65,6.5,1000000,65.7,6966916,11300,115905,12303455,3861212,9559,2.9,638656,26,38,0xe0000,211,12861,0
2026-09-16T20:20:18Z,8814887,0.60,6.6,1800000,66.2,6972720,11300,115293,12298607,4460199,0,4.1,638656,26,38,0xe0000,213,12861,0
2026-09-16T20:20:23Z,8814893,0.71,6.0,1100000,67.2,6972736,11300,115753,12302719,4605227,0,3.3,638656,26,38,0xe0000,213,12891,0
2026-09-16T20:20:28Z,8814898,0.66,9.1,800000,64.8,6971628,11300,115957,12280984,4824662,0,4.3,638656,26,38,0xe0000,213,12893,0
2026-09-16T20:20:33Z,8814903,0.60,6.2,1100000,65.2,6973704,11300,115835,12304123,4994666,0,4.0,638656,26,38,0xe0000,213,12897,0
2026-09-16T20:20:38Z,8814908,0.55,9.1,1000000,65.2,6970752,11300,114403,12290256,4622157,0,3.6,638656,26,38,0xe0000,213,12899,0
2026-09-16T20:20:44Z,8814913,0.67,7.0,1800000,65.7,6970152,11300,120752,12285822,5098551,0,3.1,638656,26,46,0xe0000,213,12909,0
2026-09-16T20:20:49Z,8814918,0.70,6.5,1000000,64.8,6971468,11300,117054,12300201,5002640,0,3.9,638656,26,48,0xe0000,216,12917,0
2026-09-16T20:20:54Z,8814923,0.64,7.9,1800000,65.2,6971992,11300,120063,12253946,5258200,0,4.2,638660,26,48,0xe0000,218,12923,0
2026-09-16T20:20:59Z,8814929,0.59,7.8,1100000,64.8,6970928,11300,120246,12312075,4450070,0,3.5,638688,26,48,0xe0000,220,12937,0
2026-09-16T20:21:04Z,8814934,0.54,10.0,1800000,64.8,6969320,11300,119268,12296324,5175768,0,5.4,638688,26,51,0xe0000,222,12941,0
2026-09-16T20:21:09Z,8814939,0.50,7.0,1100000,65.7,6969784,11300,116589,12306964,5419800,0,4.3,638688,27,51,0xe0000,225,12943,0
2026-09-16T20:21:14Z,8814944,0.54,9.1,1800000,66.2,6968872,11300,146912,12267719,4887859,0,4.0,638692,33,69,0xe0000,226,12974,0
2026-09-16T20:21:20Z,8814949,0.58,9.1,1800000,65.2,6966512,11300,144507,12308908,5162897,0,4.6,638704,34,69,0xe0000,228,12988,0
2026-09-16T20:21:25Z,8814954,0.61,7.8,1800000,65.7,6963564,11300,149593,12275207,4857481,0,3.0,638736,36,90,0xe0000,231,13004,0
2026-09-16T20:21:30Z,8814959,0.56,7.5,900000,66.2,6966004,11300,132933,12296863,5164658,0,3.1,638740,36,87,0xe0000,234,13012,0
2026-09-16T20:21:35Z,8814965,0.52,7.3,1800000,66.2,6967360,11300,121360,12294030,5457121,0,3.9,638740,36,87,0xe0000,236,13012,0
2026-09-16T20:21:40Z,8814970,0.55,6.8,1000000,65.7,6967244,11300,123814,12292905,5061005,0,4.3,638740,36,94,0xe0000,238,13012,0
2026-09-16T20:21:45Z,8814975,0.59,8.1,1800000,66.7,6962388,11300,116274,12283480,5381887,0,4.1,638740,36,94,0xe0000,240,13014,0
2026-09-16T20:21:50Z,8814980,0.54,7.2,1800000,65.7,6964524,11300,115920,12311549,4862212,2409,3.8,638740,36,94,0xe0000,242,13016,0
2026-09-16T20:21:55Z,8814985,0.50,7.3,1000000,65.7,6957600,11300,116306,12305376,4819565,797,3.2,638740,36,94,0xe0000,243,13018,0
2026-09-16T20:22:01Z,8814990,0.54,9.4,1800000,67.2,6961424,11300,124437,12272162,4580010,0,3.8,638740,36,105,0xe0000,244,13026,0
2026-09-16T20:22:06Z,8814995,0.50,9.5,1200000,65.2,6949084,11300,140181,12277601,4715364,794,3.1,638764,38,161,0xe0000,245,13032,0
2026-09-16T20:22:11Z,8815001,0.46,7.0,1800000,66.7,6949588,11300,116240,12294802,4555690,9546,3.3,638764,36,161,0xe0000,247,13040,0
2026-09-16T20:22:16Z,8815006,0.50,7.5,1000000,65.7,6940208,11300,115304,12295870,5207498,7959,3.6,638764,36,161,0xe0000,249,13042,0
2026-09-16T20:22:21Z,8815011,0.46,8.0,1800000,64.8,6947528,11300,114883,12272495,5137187,0,4.3,638764,36,161,0xe0000,251,13048,0
2026-09-16T20:22:26Z,8815016,0.62,7.7,1100000,65.2,6952584,11300,114428,12291967,5039513,0,3.1,638764,36,161,0xe0000,253,13048,0
2026-09-16T20:22:32Z,8815021,0.57,9.1,1100000,65.7,6954440,11300,114840,12311972,4325115,0,3.1,638764,36,155,0xe0000,254,13048,0
2026-09-16T20:22:37Z,8815026,0.53,7.6,1800000,65.7,6955456,11300,115091,12286885,4891326,0,3.5,638764,36,133,0xe0000,255,13054,0
2026-09-16T20:22:42Z,8815031,0.64,6.6,1000000,66.7,6952824,11300,115109,12296609,4365806,0,2.3,638764,36,131,0xe0000,257,13056,0
2026-09-16T20:22:47Z,8815037,0.59,7.0,1800000,66.2,6957052,11300,114818,12220194,4963639,0,4.5,638820,36,126,0xe0000,258,13058,0
2026-09-16T20:22:52Z,8815042,0.63,6.7,1100000,65.7,6954640,11300,112612,12280523,4491771,0,3.0,638820,36,109,0xe0000,259,13064,0
2026-09-16T20:22:57Z,8815047,0.66,8.6,1800000,65.7,6951540,11300,112909,12274096,4971102,0,3.0,638820,36,105,0xe0000,260,13078,0
2026-09-16T20:23:02Z,8815052,0.60,7.9,900000,66.2,6989036,11300,114532,12287645,4691290,0,3.5,638820,36,103,0xe0000,262,13084,0
2026-09-16T20:23:08Z,8815057,0.64,7.0,1200000,66.2,6996968,11300,122307,12307343,4943036,0,4.0,638820,36,115,0xe0000,264,13086,0
2026-09-16T20:23:13Z,8815062,0.58,10.1,1800000,66.2,6958012,11300,114343,12297130,4909687,0,3.7,638820,36,89,0xe0000,265,13086,0
2026-09-16T20:23:18Z,8815067,0.54,6.8,1100000,65.2,6960876,11300,115689,12313572,4752125,0,3.8,638820,36,83,0xe0000,267,13086,0
2026-09-16T20:23:23Z,8815073,0.49,10.2,1800000,67.2,6956856,11300,133133,12253636,5164621,0,4.5,638832,36,57,0xe0000,268,13086,0
2026-09-16T20:23:28Z,8815078,0.53,6.6,1800000,66.2,6965176,11300,127055,12317134,5434731,0,4.1,638832,36,59,0xe0000,269,13086,0
2026-09-16T20:23:33Z,8815083,0.49,7.9,1200000,66.7,6959612,11300,122277,12312787,5050248,0,4.2,638832,36,65,0xe0000,271,13086,0
2026-09-16T20:23:38Z,8815088,0.45,9.3,1100000,66.2,6961036,11300,118010,12294036,5042392,0,3.8,638832,36,65,0xe0000,273,13088,0
2026-09-16T20:23:44Z,8815093,0.42,6.9,1200000,66.2,6962196,11300,113564,12296501,5089198,0,3.3,638832,36,64,0xe0000,278,13092,0
2026-09-16T20:23:49Z,8815098,0.38,9.8,1800000,65.7,6965124,11300,130688,12282582,4670419,0,4.2,638832,36,69,0xe0000,280,13094,0
2026-09-16T20:23:54Z,8815103,0.35,7.8,1000000,66.7,6962968,11300,140520,12307992,5201776,0,3.7,638832,36,79,0xe0000,281,13094,0
2026-09-16T20:23:59Z,8815109,0.32,8.4,1800000,65.7,6958608,11300,122494,12277196,4997011,0,3.4,638832,37,80,0xe0000,283,13096,0
2026-09-16T20:24:04Z,8815114,0.30,8.4,1800000,65.7,6957548,11300,117279,12290559,5407651,0,3.7,638832,37,79,0xe0000,285,13104,0
2026-09-16T20:24:09Z,8815119,0.27,8.1,1800000,66.7,6953728,11300,118091,12297655,5260981,801,3.0,638832,38,79,0xe0000,286,13114,0
2026-09-16T20:24:14Z,8815124,0.25,6.8,1100000,65.7,6953524,11300,117480,12306840,4813693,11141,2.8,638832,37,79,0xe0000,288,13118,0
2026-09-16T20:24:19Z,8815129,0.31,8.0,1800000,66.7,6956504,11300,115732,12258471,3984034,9533,3.3,638832,37,78,0xe0000,290,13134,0
2026-09-16T20:24:25Z,8815134,0.53,7.6,1800000,65.2,6958488,11300,116436,12302064,4038313,0,3.5,638832,37,77,0xe0000,291,13134,0
2026-09-16T20:24:30Z,8815139,0.48,7.6,900000,65.7,6960568,11300,117169,12300728,3784236,0,2.6,638832,37,77,0xe0000,293,13134,0
2026-09-16T20:24:35Z,8815144,0.44,8.6,1800000,66.7,6958200,11300,117095,12285179,4249892,0,3.3,638832,37,76,0xe0000,294,13134,0
2026-09-16T20:24:40Z,8815150,0.49,7.2,1800000,65.7,6952896,11300,117720,12313281,4840662,0,4.1,638832,37,73,0xe0000,295,13136,0
2026-09-16T20:24:45Z,8815155,0.45,7.0,1100000,66.2,6963948,11300,117321,12290757,4538378,0,3.7,638832,37,64,0xe0000,298,13136,0
2026-09-16T20:24:50Z,8815160,0.41,9.2,1800000,66.2,6960204,11300,118022,12298084,4860468,0,3.6,638832,37,65,0xe0000,299,13136,0
2026-09-16T20:24:55Z,8815165,0.46,7.6,1100000,65.7,6957332,11300,130343,12305068,4695495,0,4.7,638988,39,86,0xe0000,299,13138,0
2026-09-16T20:25:00Z,8815170,0.42,8.3,1800000,67.2,6957652,11300,128143,12263199,4750241,0,4.1,638988,39,80,0xe0000,302,13140,0
2026-09-16T20:25:06Z,8815175,0.39,7.7,1800000,65.7,6957928,11300,118953,12300643,3784902,0,3.5,638988,39,69,0xe0000,306,13140,0
2026-09-16T20:25:11Z,8815180,0.44,8.0,1100000,67.2,6961564,11300,117577,12306495,4743632,0,4.5,638988,39,60,0xe0000,307,13172,0
2026-09-16T20:25:16Z,8815185,0.40,8.5,1800000,66.2,6958988,11300,120664,12268183,4003119,0,4.3,638988,39,60,0xe0000,308,13182,0
2026-09-16T20:25:21Z,8815191,0.45,7.5,1000000,65.7,6961124,11300,118052,12318211,4403955,0,3.6,638988,39,60,0xe0000,311,13184,0
2026-09-16T20:25:26Z,8815196,0.41,10.2,900000,65.7,6959584,11300,115531,12289640,4691471,0,4.0,638988,39,60,0xe0000,313,13186,0
2026-09-16T20:25:31Z,8815201,0.38,9.5,1100000,66.2,6957564,11300,115215,12307349,4579250,0,4.4,638988,39,60,0xe0000,315,13188,0
2026-09-16T20:25:36Z,8815206,0.43,7.7,1800000,65.7,6960704,11300,114281,12277501,4810012,0,3.8,638988,39,60,0xe0000,317,13190,0
2026-09-16T20:25:42Z,8815211,0.44,7.9,900000,65.2,6962488,11300,116082,12309515,4213950,0,2.6,638988,39,60,0xe0000,317,13192,0
2026-09-16T20:25:47Z,8815216,0.40,7.1,1200000,66.2,6959012,11300,116529,12307946,4521953,0,4.4,638988,39,60,0xe0000,319,13194,0
2026-09-16T20:25:52Z,8815221,0.37,9.6,1100000,64.8,6956348,11300,117016,12306968,4676405,0,3.6,638988,39,60,0xe0000,321,13194,0
2026-09-16T20:25:57Z,8815227,0.34,9.4,900000,65.7,6960580,11300,118181,12275855,4586427,0,3.7,638988,39,60,0xe0000,323,13196,0
2026-09-16T20:26:02Z,8815232,0.31,8.9,1000000,65.7,6962220,11300,115910,12295176,4626061,0,4.1,638988,39,60,0xe0000,325,13200,0
2026-09-16T20:26:07Z,8815237,0.29,7.4,1800000,65.7,6959216,11300,117122,12276982,4549210,0,4.3,638988,39,59,0xe0000,326,13204,0
2026-09-16T20:26:12Z,8815242,0.26,8.6,900000,65.7,6956964,11300,116294,12302302,4888331,802,4.5,639000,40,50,0xe0000,329,13206,0
2026-09-16T20:26:18Z,8815247,0.32,7.6,1800000,65.7,6957220,11300,114647,12283089,4441252,20668,4.0,639000,39,50,0xe0000,330,13206,0
2026-09-16T20:26:23Z,8815252,0.38,8.5,1800000,65.2,6960512,11300,115206,12327407,4378562,0,3.3,639000,39,50,0xe0000,332,13206,0
2026-09-16T20:26:28Z,8815257,0.35,6.6,900000,66.2,6957532,11300,113151,12277494,5054383,0,3.6,639000,39,48,0xe0000,334,13210,0
2026-09-16T20:26:33Z,8815263,0.32,9.9,900000,65.7,6958352,11300,115484,12300781,4880717,0,3.8,639000,39,47,0xe0000,335,13210,0
2026-09-16T20:26:38Z,8815268,0.29,7.8,1800000,65.7,6959028,11300,115017,12278730,4889039,0,2.9,639000,39,44,0xe0000,337,13210,0
2026-09-16T20:26:43Z,8815273,0.43,8.6,900000,66.7,6958916,11300,114926,12302682,4547927,0,2.9,639000,39,44,0xe0000,339,13212,0
2026-09-16T20:26:48Z,8815278,0.48,6.5,1100000,66.2,6961372,11300,115171,12281124,4880745,0,4.8,639000,39,44,0xe0000,341,13214,0
2026-09-16T20:26:54Z,8815283,0.68,8.9,1000000,65.2,6957088,11300,113530,12280711,4587171,0,5.3,639000,39,44,0xe0000,343,13214,0
2026-09-16T20:26:59Z,8815288,0.70,8.9,1800000,66.2,6964444,11300,113814,12280820,4863008,2387,4.0,639000,39,44,0xe0000,345,13216,0
2026-09-16T20:27:04Z,8815294,0.73,7.3,1800000,65.7,6961984,11300,115829,12308113,4452967,793,3.7,639000,39,44,0xe0000,347,13220,0
2026-09-16T20:27:09Z,8815299,0.67,6.6,900000,65.2,6963832,11300,114199,12301925,4329468,0,3.8,639000,39,44,0xe0000,349,13222,0
2026-09-16T20:27:14Z,8815304,0.62,6.5,1800000,66.2,6963956,11300,114660,12303344,4152762,0,3.0,639000,39,40,0xe0000,349,13224,0
2026-09-16T20:27:19Z,8815309,0.65,6.7,900000,66.2,6960120,11300,113657,12305812,4711139,0,5.0,639000,39,41,0xe0000,350,13226,0
2026-09-16T20:27:24Z,8815314,0.59,7.1,1800000,66.2,6962220,11300,112945,12283232,4812870,0,3.9,639000,39,40,0xe0000,352,13232,0
2026-09-16T20:27:30Z,8815319,0.55,7.0,1000000,65.7,6962688,11300,114329,12299143,4673027,0,3.4,639000,39,40,0xe0000,354,13232,0
2026-09-16T20:27:35Z,8815324,0.74,7.0,1100000,65.7,6967128,11300,114222,12299366,4550247,0,4.4,639000,39,40,0xe0000,355,13234,0
2026-09-16T20:27:40Z,8815330,0.68,9.5,1100000,64.8,6967252,11300,113909,12294373,4539658,0,4.0,639000,39,40,0xe0000,358,13234,0
2026-09-16T20:27:45Z,8815335,0.63,9.0,1800000,66.7,6967296,11300,112520,12288949,4693078,0,3.7,639000,39,41,0xe0000,358,13234,0
2026-09-16T20:27:50Z,8815340,0.74,7.2,1800000,66.7,6960152,11300,118934,12320211,4410964,0,4.6,639000,39,40,0xe0000,358,13236,0
2026-09-16T20:27:55Z,8815345,0.68,6.6,1100000,66.7,6966200,11300,118288,12294391,4300571,0,3.3,639000,39,41,0xe0000,358,13238,0
2026-09-16T20:28:00Z,8815350,0.79,7.5,1800000,65.7,6966764,11300,147220,12283648,4597304,0,3.6,639012,39,60,0xe0000,359,13240,0
2026-09-16T20:28:06Z,8815355,0.72,6.7,1100000,65.7,6968108,11300,118572,12316183,4136739,0,5.4,639012,39,60,0xe0000,363,13242,0
2026-09-16T20:28:11Z,8815360,0.66,7.2,1800000,66.2,6967860,11300,116488,12298468,3614531,793,5.8,639012,40,60,0xe0000,368,13244,0
2026-09-16T20:28:16Z,8815366,0.61,7.0,1000000,66.7,6966368,11300,124181,12280133,3321206,11140,6.1,639016,40,58,0xe0000,372,13246,0
2026-09-16T20:28:21Z,8815371,0.64,9.4,900000,66.2,6984480,11300,117617,12278026,4278232,9530,4.0,639016,39,56,0xe0000,374,13246,0
2026-09-16T20:28:26Z,8815376,0.59,9.1,1800000,67.7,6991700,11300,117983,12270956,4311386,0,3.9,639016,39,56,0xe0000,375,13246,0
2026-09-16T20:28:31Z,8815381,0.54,7.2,900000,66.2,6995908,11300,118391,12301104,4121598,0,3.8,639016,39,56,0xe0000,378,13246,0
2026-09-16T20:28:36Z,8815386,0.58,9.7,900000,66.2,6997948,11300,115447,12280167,4258570,0,3.3,639016,39,55,0xe0000,380,13246,0
2026-09-16T20:28:42Z,8815391,0.56,6.2,1800000,66.2,6999252,11300,117111,12293388,4286241,0,4.4,639016,39,55,0xe0000,382,13246,0
2026-09-16T20:28:47Z,8815396,0.52,6.4,900000,67.2,6967796,11300,107546,11160624,3312538,0,3.7,639016,39,49,0xe0000,383,13246,0
2026-09-16T20:28:52Z,8815402,0.48,3.2,1000000,65.2,6967692,11300,13844,1399856,237246,0,0.3,639016,39,55,0xe0000,383,13246,0
2026-09-16T20:28:57Z,8815407,0.60,7.4,1100000,65.7,6969472,11300,100186,12299972,1398088,0,1.7,639016,39,55,0xe0000,384,13246,0
2026-09-16T20:29:02Z,8815412,0.63,8.3,1800000,66.2,6969844,11300,98975,12296570,2508999,0,2.4,639016,39,55,0xe0000,385,13250,0
2026-09-16T20:29:07Z,8815417,0.58,6.5,1000000,66.2,6967940,11300,99035,12286719,3414195,0,2.2,639016,39,55,0xe0000,385,13268,0
2026-09-16T20:29:13Z,8815422,0.53,6.3,1200000,65.7,6967604,11300,98368,12285738,4027551,0,3.1,639016,38,50,0xe0000,385,13274,0
2026-09-16T20:29:18Z,8815427,0.49,7.6,1800000,65.7,6968068,11300,100631,12274794,4515079,0,4.0,639016,38,44,0xe0000,385,13274,0
2026-09-16T20:29:23Z,8815432,0.45,8.1,1000000,65.7,6969820,11300,103106,12312199,4462821,0,3.9,639016,38,44,0xe0000,385,13274,0
2026-09-16T20:29:28Z,8815438,0.41,9.6,1800000,67.2,6965796,11300,101888,12289793,4027228,0,3.8,639016,38,44,0xe0000,385,13274,0
2026-09-16T20:29:33Z,8815443,0.38,6.2,1800000,65.2,6969988,11300,100768,12302864,5368865,0,3.8,639016,38,39,0xe0000,385,13274,0
2026-09-16T20:29:38Z,8815448,0.35,7.0,1000000,65.7,6968500,11300,100895,12292980,5282952,0,3.5,639016,38,39,0xe0000,385,13274,0
2026-09-16T20:29:43Z,8815453,0.40,7.1,1800000,65.2,6970528,11300,99515,12280693,4859652,0,4.0,639016,38,39,0xe0000,386,13274,0
2026-09-16T20:29:48Z,8815458,0.61,7.8,1100000,65.7,6971660,11300,99889,12312185,4681671,0,3.9,639016,38,40,0xe0000,386,13276,0
2026-09-16T20:29:54Z,8815463,0.56,9.0,1800000,66.7,6969032,11300,101521,12293568,4230631,0,6.4,639016,38,39,0xe0000,386,13276,0
2026-09-16T20:29:59Z,8815468,0.60,7.3,1800000,66.7,6969716,11300,100412,12318969,5233149,0,4.4,639016,38,39,0xe0000,386,13276,0
2026-09-16T20:30:04Z,8815474,0.55,6.1,1100000,66.2,6969064,11300,100088,12297030,4165586,0,4.0,639016,38,39,0xe0000,386,13276,0
2026-09-16T20:30:09Z,8815479,0.50,5.8,1800000,66.7,6971496,11300,99085,12301667,3978242,794,2.8,639016,39,39,0xe0000,387,13278,0
2026-09-16T20:30:14Z,8815484,0.54,5.9,1000000,65.7,6968472,11300,98527,12302527,4316638,11140,3.8,639016,38,40,0xe0000,388,13278,0
2026-09-16T20:30:19Z,8815489,0.50,6.9,1100000,65.7,6967772,11300,98879,12303969,4916669,6345,4.5,639016,39,39,0xe0000,389,13278,0
2026-09-16T20:30:24Z,8815494,0.46,8.9,1800000,65.7,6967108,11300,103546,12268063,5029144,11121,4.5,639016,38,39,0xe0000,389,13280,0
2026-09-16T20:30:30Z,8815499,0.50,6.6,1100000,67.2,6966060,11300,103988,12320070,4372911,9643,3.5,639016,38,39,0xe0000,389,13280,0
2026-09-16T20:30:35Z,8815504,0.54,9.3,1100000,65.7,6968052,11300,110190,12304697,4423826,0,3.3,639016,38,39,0xe0000,389,13280,0
2026-09-16T20:30:40Z,8815510,0.50,9.7,1000000,65.2,6968476,11300,110394,12299209,4705289,0,3.1,639016,38,39,0xe0000,389,13280,0
2026-09-16T20:30:45Z,8815515,0.46,8.8,1000000,65.2,6967420,11300,109981,12288116,4436156,0,3.1,639016,38,39,0xe0000,390,13280,0
2026-09-16T20:30:50Z,8815520,0.42,9.0,1200000,65.7,6967420,11300,111780,12313702,4036279,0,3.3,639016,38,39,0xe0000,390,13280,0
2026-09-16T20:30:55Z,8815525,0.39,7.3,1800000,64.8,6964180,11300,111287,12302745,4172594,0,4.8,639016,38,39,0xe0000,391,13282,0
2026-09-16T20:31:01Z,8815530,0.36,8.1,1000000,66.2,6966400,11300,112709,12297282,3761745,0,4.2,639016,38,39,0xe0000,391,13282,0
2026-09-16T20:31:06Z,8815535,0.33,7.4,1800000,66.7,6966932,11300,116735,12283671,3497107,0,3.6,639016,38,37,0xe0000,392,13282,0
2026-09-16T20:31:11Z,8815540,0.30,7.2,1800000,67.2,6965412,11300,114674,12300540,3977806,0,3.3,639016,38,37,0xe0000,392,13282,0
2026-09-16T20:31:16Z,8815545,0.28,7.8,1800000,66.7,6960316,11300,116575,12300065,4036339,0,3.5,639016,38,37,0xe0000,392,13282,0
2026-09-16T20:31:21Z,8815551,0.25,6.3,1800000,65.7,6964864,11300,115686,12318808,4135580,0,3.1,639016,38,37,0xe0000,392,13282,0
2026-09-16T20:31:26Z,8815556,0.23,6.2,1100000,66.7,6961032,11300,117262,12300800,4229035,0,3.3,639016,38,37,0xe0000,392,13282,0
2026-09-16T20:31:31Z,8815561,0.22,9.9,1800000,66.2,6967972,11300,116301,12294020,3979683,0,3.4,639016,38,37,0xe0000,392,13284,0
2026-09-16T20:31:36Z,8815566,0.20,7.0,1800000,65.7,6966684,11300,116198,12299198,4183320,0,4.3,639016,38,37,0xe0000,392,13284,0
2026-09-16T20:31:42Z,8815571,0.18,6.3,1000000,66.2,6962832,11300,115210,12301486,4128231,0,3.6,639016,38,37,0xe0000,392,13284,0
2026-09-16T20:31:47Z,8815576,0.17,7.0,1800000,66.2,6963972,11300,114796,12289444,4428327,0,3.2,639016,38,37,0xe0000,392,13284,0
2026-09-16T20:31:52Z,8815581,0.21,6.4,1000000,66.2,6965316,11300,114593,12305930,4502367,0,2.7,639016,38,37,0xe0000,392,13284,0
2026-09-16T20:31:57Z,8815587,0.20,8.9,900000,66.7,6962520,11300,114689,12192221,4433784,0,4.0,639016,38,37,0xe0000,392,13304,0
2026-09-16T20:32:02Z,8815592,0.18,6.3,1100000,65.7,6962112,11300,116413,12297046,4103486,0,2.7,639016,38,37,0xe0000,392,13310,0
2026-09-16T20:32:07Z,8815597,0.17,8.1,1800000,67.2,6965004,11300,115996,12254843,4092568,2384,3.3,639016,38,38,0xe0000,392,13310,0
2026-09-16T20:32:12Z,8815602,0.15,7.7,1800000,66.2,6961996,11300,114663,12275517,4101001,804,4.9,639016,38,38,0xe0000,393,13310,0
2026-09-16T20:32:17Z,8815607,0.14,7.5,900000,66.2,6962872,11300,115193,12322483,3910165,803,5.6,639016,39,38,0xe0000,393,13310,0
2026-09-16T20:32:23Z,8815612,0.21,8.3,1800000,66.7,6965980,11300,112949,12280303,3615165,11126,4.8,639016,39,38,0xe0000,393,13310,0
2026-09-16T20:32:28Z,8815617,0.35,6.4,1800000,66.7,6965248,11300,112867,12305298,4212945,9644,5.2,639016,38,38,0xe0000,393,13310,0
2026-09-16T20:32:33Z,8815622,0.41,7.6,1800000,67.2,6967868,11300,115690,12298700,3900309,804,2.5,639016,38,39,0xe0000,393,13310,0
2026-09-16T20:32:38Z,8815628,0.45,6.4,1800000,65.7,6970872,11300,113275,12322223,4164163,0,2.9,639016,38,38,0xe0000,393,13310,0
2026-09-16T20:32:43Z,8815633,0.42,6.6,1100000,65.7,6967248,11300,113774,12302444,4095928,17487,2.3,639016,38,38,0xe0000,393,13310,0
2026-09-16T20:32:48Z,8815638,0.38,7.9,1800000,66.2,6971468,11300,113150,12278255,4171432,0,3.8,639016,38,38,0xe0000,393,13310,0
2026-09-16T20:32:53Z,8815643,0.43,7.9,1100000,66.7,6965564,11300,114272,12316828,4849330,0,3.9,639016,38,38,0xe0000,393,13310,0
2026-09-16T20:32:58Z,8815648,0.40,7.1,1800000,66.7,6970232,11300,113834,12286796,3767078,0,3.5,639016,38,38,0xe0000,393,13310,0
2026-09-16T20:33:04Z,8815653,0.37,7.6,1000000,66.2,6964696,11300,113473,12312105,4522897,0,3.7,639016,38,38,0xe0000,393,13312,0
2026-09-16T20:33:09Z,8815658,0.42,9.6,900000,66.2,6971360,11300,113277,12298788,4653850,0,3.9,639016,38,38,0xe0000,393,13312,0
2026-09-16T20:33:14Z,8815664,0.46,6.3,1200000,66.7,6965424,11300,113165,12311522,4726916,0,3.9,639036,38,38,0xe0000,393,13312,0
2026-09-16T20:33:19Z,8815669,0.43,8.2,1800000,66.7,6968308,11300,114192,12277598,4464639,0,3.7,639084,38,38,0xe0000,393,13312,0
2026-09-16T20:33:24Z,8815674,0.55,8.0,1800000,66.2,6964380,11300,113417,12317157,4735836,0,3.8,639084,38,37,0xe0000,393,13314,0
2026-09-16T20:33:29Z,8815679,0.51,6.3,1000000,67.2,6967288,11300,114062,12300634,4473103,0,4.2,639084,38,37,0xe0000,393,13314,0
2026-09-16T20:33:34Z,8815684,0.55,9.8,1800000,66.7,6959436,11300,114587,12303941,4134734,0,4.0,639084,38,37,0xe0000,393,13314,0
2026-09-16T20:33:40Z,8815689,0.50,6.5,1100000,65.7,6966692,11300,113792,12296850,4094426,0,5.0,639084,38,37,0xe0000,393,13316,0
2026-09-16T20:33:45Z,8815694,0.54,9.4,900000,65.2,6968268,11300,114244,12294930,4658005,0,4.0,639084,38,37,0xe0000,393,13316,0
2026-09-16T20:33:50Z,8815700,0.50,6.9,1100000,66.2,6965572,11300,113384,12310498,4840875,0,3.6,639084,38,37,0xe0000,393,13330,0
2026-09-16T20:33:55Z,8815705,0.62,8.7,900000,65.7,6968480,11300,116584,12290891,4998364,0,5.1,639084,38,37,0xe0000,393,13332,0
2026-09-16T20:34:00Z,8815710,0.57,6.6,1100000,66.7,6967928,11300,118291,12303231,4587951,0,3.3,639084,38,37,0xe0000,393,13334,0
2026-09-16T20:34:05Z,8815715,0.60,8.5,1000000,66.2,6967316,11300,118687,12298945,4639423,0,4.3,639084,38,38,0xe0000,393,13338,0
2026-09-16T20:34:10Z,8815720,0.56,9.5,900000,66.2,6971948,11300,117185,12301138,4282661,0,4.6,639084,38,37,0xe0000,394,13340,0
2026-09-16T20:34:16Z,8815725,0.59,5.9,1800000,66.7,6965876,11300,118038,12303775,4553497,0,4.1,639084,38,37,0xe0000,394,13342,0
2026-09-16T20:34:21Z,8815730,0.54,7.2,1000000,66.2,6973540,11300,118034,12300242,4239797,794,4.5,639084,39,37,0xe0000,395,13342,0
2026-09-16T20:34:26Z,8815736,0.66,6.5,1800000,67.2,6970728,11300,117168,12302042,4947354,11139,4.5,639084,38,37,0xe0000,395,13342,0
2026-09-16T20:34:31Z,8815741,0.61,6.8,1000000,66.2,6972140,11300,116922,12282200,4392384,9554,5.5,639084,38,37,0xe0000,395,13344,0
2026-09-16T20:34:36Z,8815746,0.64,6.8,1200000,66.2,6970908,11300,119729,12306286,4660067,0,4.5,639084,38,37,0xe0000,395,13346,0
2026-09-16T20:34:41Z,8815751,0.59,8.3,1800000,66.7,6968044,11300,120153,12268311,4932335,0,4.3,639084,38,37,0xe0000,395,13350,0
2026-09-16T20:34:46Z,8815756,0.62,7.0,1800000,66.2,6961160,11300,120172,12302537,4842257,0,3.7,639084,38,38,0xe0000,395,13354,0
2026-09-16T20:34:52Z,8815761,0.57,6.5,1800000,66.2,6963880,11300,119416,12305521,4537977,0,3.9,639084,38,38,0xe0000,395,13356,0
2026-09-16T20:34:57Z,8815766,0.53,6.8,1800000,65.2,6967908,11300,120487,12301053,4765666,0,4.9,639084,38,38,0xe0000,395,13360,0
2026-09-16T20:35:02Z,8815772,0.68,7.0,1800000,65.2,6969668,11300,121984,12301162,4735993,0,5.0,639084,38,38,0xe0000,395,13362,0
2026-09-16T20:35:07Z,8815777,0.63,7.0,1000000,66.2,6968096,11300,121804,12303594,4548566,0,4.0,639084,38,38,0xe0000,395,13364,0
2026-09-16T20:35:12Z,8815782,0.58,8.9,1800000,65.7,6971968,11300,117352,12267427,4417841,0,5.3,639084,38,38,0xe0000,395,13366,0
2026-09-16T20:35:17Z,8815787,0.61,7.0,900000,66.2,6965220,11300,117396,12307547,4266608,0,3.3,639084,38,38,0xe0000,395,13370,0
2026-09-16T20:35:22Z,8815792,0.56,6.6,1800000,64.3,6968520,11300,117265,12287978,4782654,0,4.7,639084,38,38,0xe0000,398,13370,0
2026-09-16T20:35:28Z,8815797,0.60,6.9,900000,65.7,6968292,11300,116118,12294329,5112355,0,3.8,639084,38,38,0xe0000,398,13372,0
2026-09-16T20:35:33Z,8815802,0.71,9.0,1800000,66.2,6969192,11300,117377,12300690,4397047,0,4.4,639084,38,38,0xe0000,398,13372,0
2026-09-16T20:35:38Z,8815808,0.65,6.5,1000000,66.2,6966728,11300,117743,12303020,4807776,0,3.9,639084,38,38,0xe0000,398,13372,0
2026-09-16T20:35:43Z,8815813,0.60,6.9,1800000,66.2,6966300,11300,113404,12274033,4660004,0,4.0,639084,38,38,0xe0000,398,13372,0
2026-09-16T20:35:48Z,8815818,0.79,6.8,900000,65.7,6968828,11300,112516,12298957,4595884,0,4.9,639084,38,39,0xe0000,398,13372,0
2026-09-16T20:35:53Z,8815823,0.89,9.1,900000,65.7,6971224,11300,113650,12298806,4795026,0,5.0,639084,38,40,0xe0000,398,13372,0
2026-09-16T20:35:59Z,8815828,0.82,6.6,1100000,65.7,6968448,11300,112097,12306155,4631423,0,4.3,639084,38,38,0xe0000,398,13374,0
2026-09-16T20:36:04Z,8815833,0.83,9.3,1100000,65.2,6971636,11300,112563,12301689,4185860,0,4.9,639084,38,37,0xe0000,398,13374,0
2026-09-16T20:36:09Z,8815838,0.77,8.2,1800000,66.2,6971548,11300,112579,12277236,4114185,0,5.7,639084,38,37,0xe0000,398,13374,0
2026-09-16T20:36:14Z,8815844,0.70,7.2,1200000,66.2,6958276,11300,113865,12302699,3758653,0,5.4,639084,38,37,0xe0000,398,13374,0
2026-09-16T20:36:19Z,8815849,0.65,10.2,1800000,65.7,6953956,11300,113053,12303600,3685502,0,5.3,639084,38,37,0xe0000,398,13374,0
2026-09-16T20:36:24Z,8815854,0.68,6.8,1000000,65.7,6967280,11300,112948,12317737,3964030,796,6.5,639084,39,37,0xe0000,398,13374,0
2026-09-16T20:36:29Z,8815859,0.78,6.7,1800000,65.7,6968276,11300,113287,12290883,4070419,17456,4.4,639084,38,37,0xe0000,398,13376,0
2026-09-16T20:36:35Z,8815864,0.72,7.4,1000000,65.7,6971264,11300,116764,12294600,4086343,0,4.1,639084,38,38,0xe0000,398,13378,0
2026-09-16T20:36:40Z,8815869,0.66,8.4,1800000,68.2,6961336,11300,112687,12282506,3967511,0,4.4,639084,38,37,0xe0000,398,13380,0
2026-09-16T20:36:45Z,8815874,0.61,7.9,1100000,66.7,6967204,11300,113548,12312779,4136425,0,5.8,639084,38,38,0xe0000,398,13382,0
2026-09-16T20:36:50Z,8815880,0.56,8.4,1800000,66.2,6958084,11300,113926,12283238,4353916,0,3.7,639084,38,37,0xe0000,398,13382,0
2026-09-16T20:36:55Z,8815885,0.52,8.0,1100000,65.7,6964608,11300,113014,12310638,4507659,0,3.3,639084,38,37,0xe0000,398,13384,0
2026-09-16T20:37:00Z,8815890,0.47,7.0,1800000,66.7,6970756,11300,113897,12289398,4394739,0,3.2,639084,38,37,0xe0000,398,13384,0
2026-09-16T20:37:05Z,8815895,0.44,9.5,1100000,65.7,6949776,11300,114439,12315528,4641581,0,3.4,639084,38,37,0xe0000,398,13386,0
2026-09-16T20:37:10Z,8815900,0.40,7.1,1800000,66.7,6961652,11300,115936,12285911,4253667,0,3.3,639084,38,37,0xe0000,398,13386,0
2026-09-16T20:37:15Z,8815905,0.45,6.9,1800000,66.2,6966284,11300,115861,12296057,4217981,0,2.6,639084,38,37,0xe0000,398,13388,0
2026-09-16T20:37:21Z,8815910,0.41,7.3,1800000,66.7,6956620,11300,116010,12299886,4596097,2411,3.8,639084,38,37,0xe0000,398,13388,0
2026-09-16T20:37:26Z,8815915,0.38,8.0,1800000,65.7,6957804,11300,116681,12316402,4557314,803,4.1,639084,38,37,0xe0000,398,13388,0
2026-09-16T20:37:31Z,8815920,0.35,7.2,1100000,65.7,6960960,11300,117365,12310793,4375716,0,4.1,639084,38,37,0xe0000,398,13388,0
2026-09-16T20:37:36Z,8815926,0.32,6.8,1800000,66.2,6958080,11300,116290,12292618,3950860,0,2.9,639084,38,37,0xe0000,398,13388,0
2026-09-16T20:37:41Z,8815931,0.29,6.8,1200000,66.7,6968556,11300,116178,12305845,4258835,0,4.4,639084,38,37,0xe0000,398,13388,0
2026-09-16T20:37:46Z,8815936,0.35,9.1,1000000,66.2,6969736,11300,116279,12294111,4207952,0,3.7,639084,38,37,0xe0000,398,13390,0
2026-09-16T20:37:51Z,8815941,0.32,7.2,1800000,67.2,6965760,11300,116704,12286655,4701581,0,3.3,639084,38,37,0xe0000,398,13390,0
2026-09-16T20:37:57Z,8815946,0.30,8.8,900000,66.7,6971688,11300,115739,12311044,4151829,0,3.1,639084,38,37,0xe0000,398,13392,0
2026-09-16T20:38:02Z,8815951,0.43,10.3,1000000,65.7,6960380,11300,116406,12300243,4242464,0,3.6,639084,38,37,0xe0000,398,13394,0
2026-09-16T20:38:07Z,8815956,0.40,6.2,1200000,65.2,6960888,11300,116458,12308852,4364991,0,4.0,639084,38,37,0xe0000,398,13394,0
2026-09-16T20:38:12Z,8815962,0.37,7.7,1800000,66.7,6964140,11300,117524,12278692,4123111,0,3.1,639084,38,37,0xe0000,398,13394,0
2026-09-16T20:38:17Z,8815967,0.46,8.2,1800000,66.7,6967684,11300,115879,12296799,4238475,0,3.8,639084,38,37,0xe0000,398,13396,0
2026-09-16T20:38:22Z,8815972,0.43,7.6,1100000,67.2,6968428,11300,117235,12310962,4517724,803,5.1,639084,39,37,0xe0000,398,13396,0
2026-09-16T20:38:27Z,8815977,0.47,8.8,1800000,66.2,6968132,11300,116458,12284340,4162113,9552,3.3,639084,39,37,0xe0000,398,13396,0
2026-09-16T20:38:32Z,8815982,0.52,6.1,1100000,66.2,6968016,11300,116521,12313703,4610778,8034,3.8,639084,38,37,0xe0000,398,13396,0
2026-09-16T20:38:38Z,8815987,0.47,9.5,900000,65.7,6972580,11300,115517,12308496,3750267,0,3.3,639084,38,37,0xe0000,398,13396,0
2026-09-16T20:38:43Z,8815992,0.44,6.5,1200000,65.7,6967656,11300,114395,12296713,3831701,0,4.0,639084,38,37,0xe0000,398,13396,0
2026-09-16T20:38:48Z,8815997,0.40,8.6,1800000,65.2,6975564,11300,113914,12280763,4105845,0,3.2,639084,38,37,0xe0000,398,13396,0
2026-09-16T20:38:53Z,8816003,0.37,4.7,1200000,66.2,6969108,11300,82882,8786950,2999094,0,3.5,639084,38,31,0xe0000,398,13396,0
2026-09-16T20:38:58Z,8816008,0.34,3.2,1800000,66.2,6973808,11300,32017,3680108,671079,0,0.9,639084,38,38,0xe0000,398,13406,0
2026-09-16T20:39:03Z,8816013,0.31,5.2,800000,66.2,6966408,11300,106607,12310048,1735896,0,1.7,639084,29,37,0xe0000,399,13408,0
2026-09-16T20:39:08Z,8816018,0.29,7.4,1800000,66.2,6967956,11300,106098,12290552,2242300,0,2.2,639084,29,37,0xe0000,399,13408,0
2026-09-16T20:39:13Z,8816023,0.26,7.0,900000,65.7,6970844,11300,112523,12327241,2655628,0,2.5,639084,29,37,0xe0000,400,13408,0
2026-09-16T20:39:19Z,8816028,0.24,7.8,1800000,66.2,6968808,11300,110906,12273967,2143278,0,1.6,639084,29,37,0xe0000,400,13410,0
2026-09-16T20:39:24Z,8816033,0.22,5.6,1100000,65.7,6971744,11300,109772,12316185,2581702,0,1.7,639084,29,37,0xe0000,402,13410,0
2026-09-16T20:39:29Z,8816038,0.20,8.1,1800000,66.2,6972964,11300,109284,12288501,2946843,0,3.3,639084,29,37,0xe0000,402,13412,0
2026-09-16T20:39:34Z,8816044,0.27,5.9,1800000,66.2,6971956,11300,109110,12312795,3014080,0,2.9,639084,29,37,0xe0000,402,13412,0
2026-09-16T20:39:39Z,8816049,0.25,6.4,1100000,66.2,6975332,11300,110941,12323938,3219619,0,3.1,639084,29,37,0xe0000,402,13414,0
2026-09-16T20:39:44Z,8816054,0.23,7.7,1800000,66.2,6962904,11300,109691,12256562,3545430,0,2.2,639084,29,37,0xe0000,402,13414,0
2026-09-16T20:39:49Z,8816059,0.29,6.3,1800000,65.7,6970332,11300,109624,12309846,3247898,0,2.5,639084,30,37,0xe0000,402,13414,0
2026-09-16T20:39:54Z,8816064,0.26,5.7,1100000,67.7,6961084,11300,109325,12298626,3048540,0,2.4,639084,30,37,0xe0000,403,13414,0
2026-09-16T20:40:00Z,8816069,0.24,6.0,1800000,67.2,6972376,11300,107667,12293327,3303975,0,2.7,639084,30,37,0xe0000,403,13414,0
2026-09-16T20:40:05Z,8816074,0.30,6.7,1000000,65.7,6973404,11300,108252,12308203,3399569,0,3.9,639084,30,37,0xe0000,403,13416,0
2026-09-16T20:40:10Z,8816080,0.28,8.5,1100000,66.2,6967252,11300,111383,12297282,3285865,0,2.4,639084,30,37,0xe0000,404,13416,0
2026-09-16T20:40:15Z,8816085,0.26,8.5,1000000,65.7,6971104,11300,110373,12284597,3385591,0,2.9,639084,30,37,0xe0000,405,13418,0
2026-09-16T20:40:20Z,8816090,0.24,9.1,900000,65.7,6967064,11300,113295,12298378,3767084,0,3.7,639084,30,37,0xe0000,407,13420,0
2026-09-16T20:40:25Z,8816095,0.30,6.6,1100000,65.7,6965756,11300,112221,12314641,3797204,0,2.9,639084,30,37,0xe0000,409,13432,0
2026-09-16T20:40:31Z,8816100,0.27,7.5,1800000,67.2,6969980,11300,111527,12278326,4029833,793,3.3,639084,31,37,0xe0000,410,13432,0
2026-09-16T20:40:36Z,8816105,0.25,6.0,1100000,66.2,6974024,11300,111601,12320619,3865051,11125,2.8,639084,30,38,0xe0000,410,13434,0
2026-09-16T20:40:41Z,8816110,0.31,6.2,1800000,67.2,6975448,11300,111994,12277238,4288984,9543,3.9,639084,30,37,0xe0000,410,13434,0
2026-09-16T20:40:46Z,8816116,0.29,8.2,1800000,66.2,6968736,11300,111423,12316360,3914410,0,3.7,639084,31,37,0xe0000,411,13436,0
2026-09-16T20:40:51Z,8816121,0.42,6.2,1100000,66.2,6972204,11300,111585,12305981,3489205,0,6.0,639084,31,37,0xe0000,411,13436,0
2026-09-16T20:40:56Z,8816126,0.47,6.3,1200000,66.7,6972448,11300,110960,12296972,4413651,0,4.3,639084,31,37,0xe0000,411,13438,0
2026-09-16T20:41:01Z,8816131,0.51,7.3,1800000,66.7,6948084,11300,112630,12277419,3623058,0,3.3,639084,31,37,0xe0000,411,13438,0
2026-09-16T20:41:07Z,8816136,0.47,8.8,1200000,65.2,6953984,11300,111449,12312803,4318630,0,3.9,639084,31,38,0xe0000,411,13442,0
2026-09-16T20:41:12Z,8816141,0.59,7.4,1800000,67.7,6974028,11300,110976,12292787,4332267,0,3.6,639084,31,37,0xe0000,411,13444,0
2026-09-16T20:41:17Z,8816146,0.55,8.0,900000,66.2,6971908,11300,112620,12319714,4122918,0,3.7,639084,31,37,0xe0000,411,13446,0
2026-09-16T20:41:22Z,8816152,0.50,5.7,1800000,66.7,6968124,11300,110739,12301960,3831007,0,3.3,639084,31,37,0xe0000,412,13446,0
2026-09-16T20:41:27Z,8816157,0.46,6.1,1000000,67.2,6967592,11300,111128,12301099,4411460,0,4.5,639084,31,37,0xe0000,412,13448,0
2026-09-16T20:41:32Z,8816162,0.76,7.7,1800000,67.2,6950448,11300,110961,12277483,4393509,0,3.4,639084,31,37,0xe0000,413,13448,0
2026-09-16T20:41:37Z,8816167,0.70,8.4,900000,66.7,6966180,11300,111624,12320767,4303642,0,3.0,639084,30,37,0xe0000,414,13448,0
2026-09-16T20:41:42Z,8816172,0.64,6.5,1800000,67.2,6961100,11300,111603,12298448,3933663,0,3.0,639084,30,37,0xe0000,414,13448,0
2026-09-16T20:41:48Z,8816177,0.59,6.4,1000000,66.7,7006352,11300,111882,12300913,3882234,0,2.8,639084,30,38,0xe0000,415,13450,0
2026-09-16T20:41:53Z,8816182,0.54,7.2,1200000,66.2,6998700,11300,111121,12305864,4649130,0,3.3,639084,30,37,0xe0000,416,13450,0
2026-09-16T20:41:58Z,8816188,0.50,8.5,1800000,67.2,7002936,11300,109862,12297198,4643479,0,3.9,639084,31,37,0xe0000,416,13452,0
2026-09-16T20:42:03Z,8816193,0.62,6.6,1100000,66.2,6972260,11300,110902,12295967,4802907,0,3.0,639084,31,37,0xe0000,416,13452,0
2026-09-16T20:42:08Z,8816198,0.65,8.5,1000000,66.7,6970956,11300,112753,12304979,3859596,0,3.2,639084,31,37,0xe0000,416,13452,0
2026-09-16T20:42:13Z,8816203,0.60,9.2,1800000,66.2,6973284,11300,110823,12302481,3782285,0,4.3,639084,31,37,0xe0000,417,13452,0
2026-09-16T20:42:19Z,8816208,0.55,6.9,1800000,67.2,6976072,11300,111386,12315667,3573147,2390,4.5,639084,31,37,0xe0000,417,13452,0
2026-09-16T20:42:24Z,8816213,0.67,6.5,900000,66.2,6971388,11300,110525,12282190,4171683,799,4.2,639084,31,37,0xe0000,417,13452,0
2026-09-16T20:42:29Z,8816218,0.77,6.3,1200000,66.7,6974628,11300,111459,12300811,4340016,0,3.6,639084,31,37,0xe0000,417,13452,0
2026-09-16T20:42:34Z,8816224,0.71,7.3,1800000,66.2,6971592,11300,111429,12291275,4390717,793,5.3,639084,32,37,0xe0000,417,13452,0
2026-09-16T20:42:39Z,8816229,0.65,7.1,1000000,67.2,6974864,11300,110587,12303346,4112178,11135,4.8,639084,31,37,0xe0000,417,13452,0
2026-09-16T20:42:44Z,8816234,0.60,6.3,1800000,65.7,6963932,11300,115290,12279738,4398325,9541,5.0,639084,31,37,0xe0000,418,13452,0
2026-09-16T20:42:49Z,8816239,0.63,6.8,1200000,66.7,6950636,11300,112819,12323401,4603212,0,4.0,639084,31,37,0xe0000,419,13452,0
2026-09-16T20:42:55Z,8816244,0.58,9.8,1200000,65.7,6963804,11300,113109,12298119,5255248,0,4.7,639084,31,37,0xe0000,419,13452,0
2026-09-16T20:43:00Z,8816249,0.70,8.0,1800000,66.7,6971064,11300,111753,12289615,4936312,0,3.2,639084,31,38,0xe0000,420,13452,0
2026-09-16T20:43:05Z,8816254,0.80,7.7,1800000,66.7,6954772,11300,111522,12292505,5006170,0,4.9,639084,31,37,0xe0000,420,13452,0
2026-09-16T20:43:10Z,8816260,0.82,7.1,1800000,66.7,6963396,11300,111429,12328690,4956702,0,4.3,639084,31,38,0xe0000,420,13452,0
2026-09-16T20:43:15Z,8816265,0.75,6.5,1000000,66.7,6952636,11300,110732,12295898,4431555,0,4.4,639084,31,37,0xe0000,421,13452,0
2026-09-16T20:43:20Z,8816270,0.85,9.0,1100000,65.2,6957320,11300,110733,12301501,4995636,0,4.8,639084,31,37,0xe0000,421,13454,0
2026-09-16T20:43:25Z,8816275,0.78,7.4,1800000,66.2,6963484,11300,109777,12271552,4189378,0,6.2,639084,31,37,0xe0000,421,13454,0
2026-09-16T20:43:30Z,8816280,0.72,8.3,1000000,65.7,6969968,11300,111574,12318517,4360549,0,5.6,639084,31,37,0xe0000,421,13454,0
2026-09-16T20:43:36Z,8816285,0.82,6.7,1800000,66.2,6970152,11300,110466,12305362,5011229,0,4.7,639084,31,37,0xe0000,422,13454,0
2026-09-16T20:43:41Z,8816290,0.76,7.3,1100000,66.7,6972308,11300,111936,12297781,4732492,0,4.6,639084,31,37,0xe0000,423,13456,0
2026-09-16T20:43:46Z,8816296,0.70,9.0,1000000,66.7,6971508,11300,111500,12292541,4382069,0,5.1,639084,31,37,0xe0000,423,13456,0
2026-09-16T20:43:51Z,8816301,0.72,6.9,1800000,66.7,6978088,11300,111015,12306259,4254446,0,4.7,639084,31,37,0xe0000,423,13456,0
2026-09-16T20:43:56Z,8816306,0.66,6.3,1000000,66.7,6974360,11300,110227,12303606,4990511,0,5.3,639084,31,37,0xe0000,424,13456,0
2026-09-16T20:44:01Z,8816311,0.85,9.6,1800000,67.2,6973740,11300,114993,12292410,5159667,0,4.7,639084,31,37,0xe0000,424,13456,0
2026-09-16T20:44:06Z,8816316,0.78,6.7,1800000,66.7,6974964,11300,115851,12305483,5060301,0,4.4,639084,31,37,0xe0000,424,13456,0
2026-09-16T20:44:12Z,8816321,0.72,7.4,900000,66.2,6935092,11300,117643,12299375,5132394,0,3.5,639084,31,37,0xe0000,425,13456,0
2026-09-16T20:44:17Z,8816326,0.66,8.8,1000000,66.2,6959808,11300,115413,12280462,4881726,0,3.7,639084,29,37,0xe0000,425,13456,0
2026-09-16T20:44:22Z,8816332,0.77,9.3,1000000,65.7,6964384,11300,116894,12320655,4963051,0,4.9,639084,30,37,0xe0000,425,13456,0
2026-09-16T20:44:27Z,8816337,0.71,8.9,900000,66.7,6970036,11300,115262,12296333,4679401,0,4.6,639100,30,37,0xe0000,426,13456,0
2026-09-16T20:44:32Z,8816342,0.65,7.2,1100000,65.2,6967280,11300,115915,12287965,4689060,795,3.4,639100,31,37,0xe0000,428,13456,0
2026-09-16T20:44:37Z,8816347,0.63,9.1,1800000,67.7,6968060,11300,115246,12288377,4805740,9532,3.6,639100,31,37,0xe0000,429,13456,0
2026-09-16T20:44:43Z,8816352,0.66,6.7,1100000,66.7,6964116,11300,115565,12303070,5422155,7961,4.3,639100,30,37,0xe0000,430,13456,0
2026-09-16T20:44:48Z,8816357,0.61,6.6,1800000,67.2,6970252,11300,115568,12278703,4726974,0,4.1,639100,31,37,0xe0000,430,13456,0
2026-09-16T20:44:53Z,8816362,0.56,7.5,1800000,67.2,6960856,11300,115555,12306028,4688889,0,3.7,639100,31,37,0xe0000,431,13456,0
2026-09-16T20:44:58Z,8816368,0.67,6.8,900000,66.7,6972512,11300,115903,12299815,4855048,0,3.7,639100,29,38,0xe0000,431,13456,0
2026-09-16T20:45:03Z,8816373,0.62,6.4,1800000,66.7,6972928,11300,115241,12300626,4508152,0,3.5,639100,30,38,0xe0000,431,13458,0
2026-09-16T20:45:08Z,8816378,0.65,6.4,900000,66.7,6974172,11300,114917,12295409,4723960,0,5.4,639100,30,38,0xe0000,433,13460,0
2026-09-16T20:45:13Z,8816383,0.60,6.8,1800000,66.7,6966276,11300,114649,12304649,4589311,0,3.9,639100,29,38,0xe0000,434,13460,0
2026-09-16T20:45:19Z,8816388,0.55,6.2,1000000,66.2,6969912,11300,114887,12304688,4601415,0,4.4,639100,30,38,0xe0000,435,13460,0
2026-09-16T20:45:24Z,8816393,0.50,6.4,1800000,66.7,6973452,11300,114610,12281427,5233385,0,4.3,639100,30,38,0xe0000,436,13460,0
2026-09-16T20:45:29Z,8816398,0.46,7.9,1100000,67.2,6970840,11300,114956,12313625,4739563,0,3.9,639100,30,38,0xe0000,436,13460,0
2026-09-16T20:45:34Z,8816404,0.51,7.3,1800000,66.7,6973096,11300,117039,12294111,5078555,0,4.7,639100,30,38,0xe0000,437,13460,0
2026-09-16T20:45:39Z,8816409,0.55,8.3,1000000,66.2,6974688,11300,112862,12225948,4468168,0,3.5,639100,31,39,0xe0000,437,13460,0
2026-09-16T20:45:44Z,8816414,0.58,6.2,1800000,65.7,6971020,11300,110770,12306829,4371448,0,4.4,639100,31,38,0xe0000,438,13462,0
2026-09-16T20:45:49Z,8816419,0.54,6.7,1000000,66.2,6972096,11300,114648,12306414,4351348,0,4.4,639100,31,38,0xe0000,438,13462,0
2026-09-16T20:45:54Z,8816424,0.49,9.0,1200000,65.7,6972136,11300,115172,12304830,3860232,0,3.4,639100,31,38,0xe0000,438,13462,0
2026-09-16T20:46:00Z,8816429,0.53,8.8,1100000,66.2,6974576,11300,112192,12290481,4175415,0,3.7,639100,31,38,0xe0000,438,13464,0
2026-09-16T20:46:05Z,8816434,0.49,8.8,1000000,65.7,6974356,11300,116511,12302189,4490067,0,4.4,639100,31,38,0xe0000,438,13464,0
2026-09-16T20:46:10Z,8816440,0.45,6.6,1800000,66.7,6965128,11300,117734,12301330,4088823,0,3.0,639100,31,39,0xe0000,438,13464,0
2026-09-16T20:46:15Z,8816445,0.58,6.7,900000,67.2,6971176,11300,115949,12300110,4330834,0,3.6,639100,31,38,0xe0000,439,13464,0
2026-09-16T20:46:20Z,8816450,0.53,8.4,1800000,67.2,6972736,11300,113695,12283600,4094181,0,3.3,639100,31,37,0xe0000,441,13466,0
2026-09-16T20:46:25Z,8816455,0.49,6.8,1800000,65.7,6974008,11300,114620,12315640,4253741,0,4.7,639100,31,37,0xe0000,441,13468,0
2026-09-16T20:46:30Z,8816460,0.53,6.3,1100000,66.7,6970064,11300,113868,12304065,4407408,0,4.0,639100,31,37,0xe0000,441,13474,0
2026-09-16T20:46:36Z,8816465,0.57,7.1,1800000,67.2,6975940,11300,113525,12277179,4306365,794,2.9,639100,32,37,0xe0000,441,13474,0
2026-09-16T20:46:41Z,8816470,0.52,7.1,1100000,65.7,6974584,11300,113913,12315188,4197808,10337,5.3,639100,31,38,0xe0000,441,13476,0
2026-09-16T20:46:46Z,8816476,0.48,9.4,1100000,67.2,6973440,11300,112750,12303663,3878604,8741,4.1,639100,31,37,0xe0000,441,13476,0
2026-09-16T20:46:51Z,8816481,0.44,7.5,1800000,66.7,6968756,11300,115647,12298123,3295709,0,6.0,639100,31,37,0xe0000,441,13478,0
2026-09-16T20:46:56Z,8816486,0.40,6.2,1000000,66.7,6967596,11300,115559,12296401,2830819,0,4.5,639100,31,37,0xe0000,443,13482,0
2026-09-16T20:47:01Z,8816491,0.37,7.6,1800000,66.2,6967784,11300,118965,12282054,2984178,0,4.9,639100,31,37,0xe0000,446,13482,0
2026-09-16T20:47:07Z,8816496,0.34,7.1,1000000,66.2,6972060,11300,116524,12302936,3056248,0,5.7,639100,31,37,0xe0000,448,13482,0
2026-09-16T20:47:12Z,8816501,0.39,8.9,1800000,66.7,6967500,11300,118496,12263034,2926197,0,5.0,639100,31,37,0xe0000,449,13484,0
2026-09-16T20:47:17Z,8816506,0.36,7.6,1800000,67.7,6972556,11300,116958,12323557,3322106,0,5.2,639100,31,37,0xe0000,449,13544,0
2026-09-16T20:47:22Z,8816512,0.33,6.5,1100000,67.7,6965380,11300,113897,12295548,3565345,0,5.4,639100,31,37,0xe0000,449,13548,0
2026-09-16T20:47:27Z,8816517,0.31,8.3,1800000,66.7,6969032,11300,121119,12277565,3549051,2387,4.4,639100,31,37,0xe0000,450,13550,0
2026-09-16T20:47:32Z,8816522,0.28,8.2,1800000,67.7,6965812,11300,118351,12304285,3945751,804,3.5,639100,31,37,0xe0000,450,13550,0
2026-09-16T20:47:37Z,8816527,0.26,7.5,1000000,65.7,6967512,11300,117074,12313351,3642950,0,3.9,639100,31,37,0xe0000,451,13552,0
2026-09-16T20:47:42Z,8816532,0.24,8.0,1800000,67.7,6967216,11300,118079,12282062,4047478,0,4.4,639100,31,37,0xe0000,452,13554,0
2026-09-16T20:47:48Z,8816537,0.52,7.9,900000,65.7,6964532,11300,115643,12318806,4157409,0,3.6,639100,31,37,0xe0000,452,13556,0
2026-09-16T20:47:53Z,8816542,0.72,7.3,1100000,67.7,6964132,11300,115507,12302313,3817614,0,3.6,639100,31,37,0xe0000,452,13556,0
2026-09-16T20:47:58Z,8816547,0.66,9.3,1000000,67.7,6965028,11300,114913,12291327,3733524,0,3.5,639100,31,37,0xe0000,452,13558,0
2026-09-16T20:48:03Z,8816553,0.61,7.9,1800000,67.2,7006968,11300,115253,12302718,4096064,0,3.0,639100,31,37,0xe0000,452,13558,0
2026-09-16T20:48:08Z,8816558,0.56,6.7,1000000,66.7,7007248,11300,114144,12289093,4575723,0,2.9,639100,31,38,0xe0000,452,13560,0
2026-09-16T20:48:13Z,8816563,0.60,7.1,1200000,67.7,6996636,11300,115450,12305905,4075851,0,2.8,639100,31,37,0xe0000,452,13560,0
2026-09-16T20:48:18Z,8816568,0.63,10.0,1800000,66.2,6960936,11300,114643,12281556,4113815,0,3.4,639100,31,37,0xe0000,452,13560,0
2026-09-16T20:48:24Z,8816573,0.66,8.8,1000000,65.2,6964732,11300,116400,12311730,4080457,0,4.4,639100,31,38,0xe0000,452,13562,0
2026-09-16T20:48:29Z,8816578,0.61,6.8,1800000,66.7,6972048,11300,116250,12303701,4094187,795,4.7,639100,31,37,0xe0000,452,13562,0
2026-09-16T20:48:34Z,8816584,0.56,6.5,1200000,67.2,6971132,11300,114733,12301177,3829041,9549,4.5,639100,31,37,0xe0000,452,13562,0
2026-09-16T20:48:39Z,8816589,0.59,7.9,1800000,66.7,6971172,11300,117209,12292834,3698302,5558,3.9,639100,32,37,0xe0000,452,13562,0
2026-09-16T20:48:44Z,8816594,0.70,6.6,1000000,66.7,6969004,11300,117273,12305927,3748948,9543,3.9,639100,31,38,0xe0000,452,13562,0
2026-09-16T20:48:49Z,8816599,0.65,6.9,1200000,66.7,6969156,11300,115234,12181653,3603568,7944,2.9,639100,31,37,0xe0000,452,13610,0
2026-09-16T20:48:54Z,8816604,0.68,7.2,1800000,66.7,6964252,11300,115318,12272089,3753841,0,3.9,639100,31,37,0xe0000,452,13614,0
2026-09-16T20:49:00Z,8816609,0.62,4.6,1100000,65.7,6966448,11300,52998,5311684,1823048,0,1.6,639100,31,31,0xe0000,453,13614,0
2026-09-16T20:49:05Z,8816614,0.57,3.5,1800000,66.2,6967144,11300,65492,7136864,776734,0,1.1,639100,31,37,0xe0000,454,13614,0
2026-09-16T20:49:10Z,8816619,0.61,6.9,800000,66.2,6968044,11300,110828,12313847,1333356,0,1.6,639100,25,37,0xe0000,455,13614,0
2026-09-16T20:49:15Z,8816625,0.56,7.2,900000,66.7,6973512,11300,109876,12304350,1516919,0,1.1,639100,25,37,0xe0000,457,13614,0
2026-09-16T20:49:20Z,8816630,0.67,5.8,1200000,66.2,6973064,11300,112084,12290150,1865943,0,0.9,639100,25,37,0xe0000,458,13614,0
2026-09-16T20:49:25Z,8816635,0.62,6.2,1800000,67.2,6974268,11300,109936,12280146,1966816,0,2.7,639100,25,38,0xe0000,460,13616,0
2026-09-16T20:49:30Z,8816640,0.73,9.4,1100000,66.2,6971440,11300,111429,12302573,2321653,0,1.5,639100,25,37,0xe0000,461,13616,0
2026-09-16T20:49:36Z,8816645,0.75,8.1,900000,65.7,6973312,11300,108452,12303126,2265065,0,2.1,639100,25,37,0xe0000,461,13616,0
2026-09-16T20:49:41Z,8816650,0.69,8.1,1200000,66.2,6972500,11300,109123,12299134,2578352,0,2.1,639100,25,37,0xe0000,461,13616,0
2026-09-16T20:49:46Z,8816655,0.64,6.0,1800000,66.7,6973592,11300,109301,12280644,1923940,0,1.9,639100,25,37,0xe0000,462,13618,0
2026-09-16T20:49:51Z,8816661,0.58,5.3,1200000,66.7,6971920,11300,110195,12319892,2148872,0,1.9,639100,25,37,0xe0000,464,13618,0
2026-09-16T20:49:56Z,8816666,0.54,7.4,1000000,65.7,6970628,11300,108824,12291425,2538322,0,1.7,639100,25,37,0xe0000,464,13620,0
2026-09-16T20:50:01Z,8816671,0.49,7.3,1800000,66.7,6972748,11300,109380,12279055,2261277,0,1.8,639100,25,37,0xe0000,464,13622,0
2026-09-16T20:50:06Z,8816676,0.45,6.0,1100000,65.7,6972476,11300,111278,12310850,2460729,0,2.0,639100,25,37,0xe0000,464,13622,0
2026-09-16T20:50:11Z,8816681,0.42,7.4,1800000,66.7,6970272,11300,109183,12292191,2629844,0,3.0,639100,25,37,0xe0000,464,13622,0
2026-09-16T20:50:17Z,8816686,0.38,5.8,1800000,66.2,6971000,11300,109587,12313650,2751367,0,2.1,639100,25,37,0xe0000,464,13622,0
2026-09-16T20:50:22Z,8816691,0.35,6.2,1100000,66.2,6970788,11300,109036,12310774,3274074,0,3.2,639100,26,37,0xe0000,464,13622,0
2026-09-16T20:50:27Z,8816697,0.32,8.5,1100000,66.2,6971924,11300,109010,12281139,3608436,0,2.6,639100,26,38,0xe0000,464,13622,0
2026-09-16T20:50:32Z,8816702,0.46,7.9,1800000,65.7,6974324,11300,108853,12286929,2899927,0,2.6,639100,27,37,0xe0000,464,13622,0
2026-09-16T20:50:37Z,8816707,0.50,6.9,1800000,66.7,6971092,11300,112576,12324273,2471004,0,2.6,639100,28,37,0xe0000,464,13622,0
2026-09-16T20:50:42Z,8816712,0.46,7.3,1000000,66.7,6969132,11300,112440,12301862,2832546,794,2.9,639100,30,37,0xe0000,466,13622,0
2026-09-16T20:50:47Z,8816717,0.42,8.3,1800000,66.2,6972108,11300,111801,12294406,2258456,11118,1.9,639100,28,37,0xe0000,466,13624,0
2026-09-16T20:50:53Z,8816722,0.39,6.1,1200000,66.7,6971692,11300,112579,12304454,2650878,9550,3.1,639100,28,37,0xe0000,467,13624,0
2026-09-16T20:50:58Z,8816727,0.40,8.4,1100000,66.2,6970272,11300,111478,12289816,2920333,0,3.7,639100,28,37,0xe0000,468,13624,0
2026-09-16T20:51:03Z,8816732,0.45,7.4,1800000,67.2,6973280,11300,111551,12289325,3071154,0,3.2,639100,28,37,0xe0000,468,13624,0
2026-09-16T20:51:08Z,8816738,0.41,6.9,1200000,66.2,6975304,11300,112168,12316795,3283523,0,2.0,639100,28,37,0xe0000,469,13626,0
2026-09-16T20:51:13Z,8816743,0.38,7.9,1800000,67.2,6972664,11300,111812,12288222,2987439,0,2.8,639100,28,37,0xe0000,470,13626,0
2026-09-16T20:51:18Z,8816748,0.43,7.6,1800000,65.7,6968064,11300,113640,12308754,3227373,0,3.5,639100,28,37,0xe0000,470,13626,0
2026-09-16T20:51:23Z,8816753,0.40,6.6,1800000,66.7,6958108,11300,112529,12304103,3036255,0,2.9,639100,28,37,0xe0000,471,13626,0
2026-09-16T20:51:29Z,8816758,0.36,6.1,900000,66.2,6976664,11300,112213,12302454,3936860,0,4.1,639100,28,37,0xe0000,472,13626,0
2026-09-16T20:51:34Z,8816763,0.42,6.7,1100000,66.2,6972988,11300,112491,12311344,4108144,0,3.9,639100,28,37,0xe0000,474,13626,0
2026-09-16T20:51:39Z,8816768,0.38,6.9,700000,66.2,6964448,11300,110248,12202455,3621114,0,4.1,639100,28,37,0xe0000,475,13626,0
2026-09-16T20:51:44Z,8816774,0.35,8.5,1800000,66.2,6972856,11300,111450,12296893,3868593,0,3.9,639100,28,37,0xe0000,476,13626,0
2026-09-16T20:51:49Z,8816779,0.40,7.6,1200000,66.2,6972880,11300,112595,12317972,3436355,0,5.3,639100,28,37,0xe0000,476,13628,0
2026-09-16T20:51:54Z,8816784,0.37,8.0,1800000,67.7,6973976,11300,112525,12283276,3347474,0,4.9,639100,28,37,0xe0000,477,13628,0
2026-09-16T20:51:59Z,8816789,0.58,9.7,1800000,67.2,6972424,11300,113246,12317520,3016635,0,6.2,639100,28,37,0xe0000,478,13628,0
2026-09-16T20:52:04Z,8816794,0.53,6.3,1100000,67.2,6970028,11300,111002,12304614,2828649,0,6.1,639100,28,37,0xe0000,478,13630,0
2026-09-16T20:52:10Z,8816799,0.65,8.7,1100000,65.7,6972560,11300,111549,12299082,3580693,0,4.8,639100,28,37,0xe0000,478,13630,0
2026-09-16T20:52:15Z,8816804,0.60,7.5,1800000,66.7,6966112,11300,111781,12281194,3865351,0,3.8,639100,28,37,0xe0000,478,13630,0
2026-09-16T20:52:20Z,8816810,0.55,7.5,1200000,65.7,6966200,11300,112027,12319763,3907429,0,5.1,639100,28,37,0xe0000,478,13630,0
2026-09-16T20:52:25Z,8816815,0.75,7.4,1800000,66.2,6965892,11300,111999,12279523,3843241,0,3.8,639100,28,37,0xe0000,478,13632,0
2026-09-16T20:52:30Z,8816820,0.69,7.6,1200000,66.7,6971376,11300,112624,12326247,3960843,0,3.3,639100,28,37,0xe0000,479,13634,0
2026-09-16T20:52:35Z,8816825,0.63,8.1,1800000,67.7,6967036,11300,113493,12273900,4012342,0,4.0,639100,28,37,0xe0000,479,13634,0
2026-09-16T20:52:40Z,8816830,0.58,7.9,1800000,66.7,6969700,11300,111751,12320430,4398196,2409,4.7,639100,28,37,0xe0000,481,13680,0
2026-09-16T20:52:46Z,8816835,0.54,7.2,1000000,66.7,6969832,11300,112248,12299184,3567981,1583,3.6,639100,29,39,0xe0000,482,13682,0
2026-09-16T20:52:51Z,8816840,0.49,6.0,1800000,65.7,6971832,11300,112322,12307411,4072836,11137,5.0,639100,28,37,0xe0000,484,13682,0
2026-09-16T20:52:56Z,8816846,0.45,6.4,1000000,67.2,6970364,11300,111662,12294187,4438922,9549,3.2,639100,28,37,0xe0000,485,13684,0
2026-09-16T20:53:01Z,8816851,0.42,6.1,1800000,66.2,6971204,11300,111767,12303383,4471099,0,3.6,639100,28,37,0xe0000,485,13684,0
2026-09-16T20:53:06Z,8816856,0.38,6.7,1100000,66.7,6958220,11300,112423,12297143,4773809,0,5.9,639100,28,37,0xe0000,485,13686,0
2026-09-16T20:53:11Z,8816861,0.35,9.6,1200000,65.7,6968960,11300,114172,12295383,4323892,0,5.0,639100,28,37,0xe0000,485,13686,0
2026-09-16T20:53:16Z,8816866,0.56,9.2,1200000,65.7,6972184,11300,112403,12310279,3578046,0,4.3,639100,28,37,0xe0000,486,13686,0
2026-09-16T20:53:22Z,8816871,0.68,10.2,1800000,65.7,6970524,11300,110649,12295582,4301216,0,4.8,639100,28,37,0xe0000,486,13688,0
2026-09-16T20:53:27Z,8816876,0.62,6.9,1000000,66.2,6966940,11300,112551,12299593,4350499,0,4.0,639100,28,37,0xe0000,487,13692,0
2026-09-16T20:53:32Z,8816882,0.57,9.3,1800000,66.7,6972496,11300,110915,12300822,4572154,0,4.2,639100,28,37,0xe0000,488,13692,0
2026-09-16T20:53:37Z,8816887,0.53,6.7,900000,65.2,6969592,11300,112988,12305159,4930357,0,4.6,639100,28,37,0xe0000,490,13696,0
2026-09-16T20:53:42Z,8816892,0.49,6.2,1800000,67.2,6973376,11300,110803,12292144,4508282,0,4.8,639100,28,37,0xe0000,490,13698,0
2026-09-16T20:53:47Z,8816897,0.53,6.8,1100000,66.2,6970924,11300,110385,12285140,4046871,0,5.8,639100,28,37,0xe0000,491,13700,0
2026-09-16T20:53:52Z,8816902,0.48,6.9,1800000,65.7,6973760,11300,109654,12291950,3944500,0,4.6,639100,28,37,0xe0000,491,13700,0
2026-09-16T20:53:58Z,8816907,0.61,7.4,1100000,65.2,6971908,11300,112478,12306552,4515347,0,5.7,639100,28,37,0xe0000,491,13700,0
2026-09-16T20:54:03Z,8816912,0.81,6.8,1800000,66.2,6970252,11300,110168,12286999,4621614,0,3.3,639100,28,37,0xe0000,491,13702,0
2026-09-16T20:54:08Z,8816918,0.75,6.8,1100000,65.7,6971440,11300,111205,12299084,4470744,0,3.7,639100,28,38,0xe0000,491,13704,0
2026-09-16T20:54:13Z,8816923,0.85,7.3,1800000,67.2,6973712,11300,110849,12280725,4458691,0,4.0,639100,28,38,0xe0000,494,13706,0
2026-09-16T20:54:18Z,8816928,0.78,8.4,1200000,66.2,6975344,11300,110528,12316123,4466210,0,3.8,639100,28,38,0xe0000,496,13708,0
2026-09-16T20:54:23Z,8816933,0.72,8.5,1800000,67.2,6971136,11300,110352,12282343,4347569,0,3.9,639100,28,38,0xe0000,498,13710,0
2026-09-16T20:54:28Z,8816938,0.74,6.8,900000,66.7,6973360,11300,110723,12313468,4589106,0,3.8,639100,28,38,0xe0000,500,13712,0
2026-09-16T20:54:34Z,8816943,0.68,7.6,1800000,66.7,6972984,11300,112550,12287455,4060313,0,4.4,639100,28,38,0xe0000,501,13712,0
2026-09-16T20:54:39Z,8816948,0.63,7.3,1800000,67.2,6973780,11300,111865,12298408,3887950,0,3.6,639100,28,38,0xe0000,502,13712,0
2026-09-16T20:54:44Z,8816953,0.74,8.2,1800000,66.7,6974336,11300,110052,12298826,4313830,804,3.3,639100,29,38,0xe0000,502,13714,0
2026-09-16T20:54:49Z,8816959,0.68,6.8,900000,66.7,6974988,11300,110826,12314687,4578107,11248,2.8,639100,29,38,0xe0000,502,13714,0
2026-09-16T20:54:54Z,8816964,0.62,6.8,1800000,66.7,6975092,11300,111327,12299665,4946351,9535,4.6,639100,28,38,0xe0000,503,13716,0
2026-09-16T20:54:59Z,8816969,0.57,6.7,1100000,67.2,6973672,11300,115960,12302296,4426240,0,3.8,639100,31,57,0xe0000,504,13716,0
2026-09-16T20:55:04Z,8816974,0.53,7.3,1200000,66.2,6975160,11300,113642,12304172,4845977,0,3.6,639100,35,61,0xe0000,507,13716,0
2026-09-16T20:55:09Z,8816979,0.48,9.9,1800000,66.7,6972448,11300,129163,12294712,4668881,2382,4.2,639112,39,63,0xe0000,510,13718,0
2026-09-16T20:55:15Z,8816984,0.45,7.2,1000000,66.2,6970896,11300,113576,12307116,4828009,797,4.4,639112,39,62,0xe0000,512,13718,0
2026-09-16T20:55:20Z,8816989,0.41,7.3,1800000,67.7,6967352,11300,111969,12307229,4625221,0,3.5,639112,39,57,0xe0000,515,13718,0
2026-09-16T20:55:25Z,8816995,0.38,7.0,1100000,67.2,6969904,11300,112239,12267290,5046465,0,4.0,639116,39,53,0xe0000,518,13718,0
2026-09-16T20:55:30Z,8817000,0.35,9.4,1200000,65.7,6972616,11300,111095,12300272,4356584,0,4.2,639116,39,52,0xe0000,520,13718,0
2026-09-16T20:55:35Z,8817005,0.40,8.1,1800000,66.7,6973164,11300,111940,12275572,4500968,0,3.9,639116,39,52,0xe0000,521,13720,0
2026-09-16T20:55:40Z,8817010,0.37,7.5,1100000,66.2,6971360,11300,112369,12312366,4764239,0,4.9,639116,39,52,0xe0000,521,13720,0
2026-09-16T20:55:45Z,8817015,0.34,7.6,1800000,66.7,6973604,11300,111881,12285857,4020279,0,4.2,639116,39,52,0xe0000,521,13722,0
2026-09-16T20:55:51Z,8817020,0.39,7.3,1800000,66.7,6973260,11300,112416,12301319,4352517,0,3.9,639116,39,52,0xe0000,522,13724,0
2026-09-16T20:55:56Z,8817025,0.44,6.7,1800000,66.2,6968980,11300,111742,12299776,4477710,0,3.9,639116,39,53,0xe0000,523,13724,0
2026-09-16T20:56:01Z,8817030,0.40,6.6,1100000,67.7,6968672,11300,112632,12229390,4640760,0,4.4,639116,39,52,0xe0000,524,13724,0
2026-09-16T20:56:06Z,8817036,0.37,10.0,1100000,67.2,6969860,11300,112790,12294246,4679888,0,4.4,639116,39,52,0xe0000,524,13724,0
2026-09-16T20:56:11Z,8817041,0.34,8.4,1800000,66.7,6972104,11300,112827,12297996,3930542,0,3.4,639116,39,49,0xe0000,524,13726,0
2026-09-16T20:56:16Z,8817046,0.31,7.4,1000000,67.2,6968016,11300,112847,12306780,3604220,0,5.7,639116,39,49,0xe0000,525,13728,0
2026-09-16T20:56:21Z,8817051,0.29,8.4,900000,66.2,6974764,11300,113125,12293950,3680651,0,5.2,639116,39,49,0xe0000,526,13728,0
2026-09-16T20:56:27Z,8817056,0.35,7.0,1200000,66.2,6972024,11300,111842,12304534,3547538,0,5.2,639116,39,41,0xe0000,526,13730,0
2026-09-16T20:56:32Z,8817061,0.32,8.9,1200000,65.7,6972440,11300,112598,12292183,3245646,0,5.4,639116,39,41,0xe0000,528,13730,0
2026-09-16T20:56:37Z,8817066,0.29,8.6,1800000,66.7,6968924,11300,111921,12274212,3687103,0,5.4,639116,39,41,0xe0000,528,13736,0
2026-09-16T20:56:42Z,8817072,0.35,6.8,1800000,67.2,6967108,11300,112531,12294402,3904121,0,5.8,639116,39,41,0xe0000,530,13740,0
2026-09-16T20:56:47Z,8817077,0.32,7.5,900000,65.2,6970220,11300,113968,12317194,3855108,800,4.3,639116,40,41,0xe0000,530,13742,0
2026-09-16T20:56:52Z,8817082,0.38,6.3,1200000,66.7,6966768,11300,111764,12295264,3866739,11134,5.3,639116,39,41,0xe0000,531,13746,0
2026-09-16T20:56:57Z,8817087,0.43,7.0,1800000,66.7,6970652,11300,112536,12274714,3912150,9540,5.4,639116,39,41,0xe0000,533,13750,0
2026-09-16T20:57:02Z,8817092,0.39,9.0,1800000,66.7,7015352,11300,112792,12318191,4244085,0,5.4,639116,39,41,0xe0000,534,13754,0
2026-09-16T20:57:08Z,8817097,0.36,6.9,1800000,66.7,7006036,11300,112949,12292614,4363479,0,5.2,639116,39,41,0xe0000,534,13754,0
2026-09-16T20:57:13Z,8817102,0.49,6.3,1000000,66.7,7007724,11300,112891,12304800,3971739,0,3.9,639116,39,41,0xe0000,535,13756,0
2026-09-16T20:57:18Z,8817108,0.45,6.5,1800000,67.7,6966596,11300,112290,12278111,3902983,0,4.4,639116,39,41,0xe0000,535,13758,0
2026-09-16T20:57:23Z,8817113,0.62,7.7,1800000,66.2,6971572,11300,111438,12306090,4017857,0,5.3,639116,39,41,0xe0000,535,13758,0
2026-09-16T20:57:28Z,8817118,0.57,7.4,1800000,66.2,6966044,11300,111343,12283365,4003752,0,6.5,639116,39,41,0xe0000,535,13760,0
2026-09-16T20:57:33Z,8817123,0.60,7.2,1800000,67.2,6969480,11300,111967,12293321,4069380,0,4.9,639116,39,41,0xe0000,535,13762,0
2026-09-16T20:57:38Z,8817128,0.55,6.8,1800000,66.7,6970324,11300,111568,12314921,4661057,0,3.6,639116,39,41,0xe0000,536,13764,0
2026-09-16T20:57:43Z,8817133,0.51,6.5,1800000,66.7,6969684,11300,110795,12304863,4274674,0,3.4,639116,39,41,0xe0000,537,13768,0
2026-09-16T20:57:49Z,8817138,0.47,5.9,900000,66.7,6972764,11300,110488,12303237,3644185,0,4.3,639116,39,41,0xe0000,538,13768,0
2026-09-16T20:57:54Z,8817143,0.43,6.3,1100000,67.2,6972412,11300,110235,12293898,3403638,0,5.6,639116,39,41,0xe0000,539,13770,0
2026-09-16T20:57:59Z,8817149,0.40,8.3,1800000,66.2,6973280,11300,109644,12294730,3929496,0,4.4,639116,39,41,0xe0000,539,13770,0
2026-09-16T20:58:04Z,8817154,0.36,6.9,1100000,66.2,6971944,11300,109975,12288526,3737337,0,4.2,639116,39,37,0xe0000,539,13770,0
2026-09-16T20:58:09Z,8817159,0.50,8.8,1000000,66.7,6971364,11300,111241,12293132,4171130,0,3.9,639116,39,37,0xe0000,540,13772,0
2026-09-16T20:58:14Z,8817164,0.54,9.5,1800000,67.2,6975456,11300,112319,12281072,4131348,0,5.1,639116,39,37,0xe0000,541,13776,0
2026-09-16T20:58:19Z,8817169,0.57,7.1,1200000,66.7,6971980,11300,113114,12323044,4501002,0,4.1,639116,39,37,0xe0000,541,13778,0
2026-09-16T20:58:25Z,8817174,1.09,8.9,1800000,66.7,6972172,11300,111787,12266580,4357082,0,5.7,639116,39,37,0xe0000,542,13782,0
2026-09-16T20:58:30Z,8817179,1.00,6.8,1800000,66.2,6973000,11300,112510,12315206,4153060,0,3.7,639116,39,38,0xe0000,542,13784,0
2026-09-16T20:58:35Z,8817184,1.00,7.0,1000000,66.7,6966688,11300,112290,12301300,4379224,0,3.0,639116,39,37,0xe0000,542,13786,0
2026-09-16T20:58:40Z,8817190,1.00,7.0,1800000,66.2,6973052,11300,112776,12299456,4493867,0,3.7,639116,39,37,0xe0000,542,13790,0
2026-09-16T20:58:45Z,8817195,0.92,6.7,1000000,67.2,6967772,11300,113342,12298994,4090366,0,5.5,639116,39,38,0xe0000,544,13792,0
2026-09-16T20:58:50Z,8817200,0.85,7.1,1100000,67.2,6969124,11300,113274,12297818,3936630,794,5.2,639116,40,37,0xe0000,544,13794,0
2026-09-16T20:58:55Z,8817205,0.78,8.9,1800000,66.2,6970980,11300,129031,12206153,3627823,17480,4.0,639116,39,56,0xe0000,544,13794,0
2026-09-16T20:59:01Z,8817210,0.72,7.0,1800000,66.2,6971608,11300,111250,12325632,3984481,0,4.5,639116,39,56,0xe0000,546,13794,0
2026-09-16T20:59:06Z,8817215,0.74,3.8,1100000,66.7,6972640,11300,39262,3946135,1140411,0,0.9,639116,39,49,0xe0000,547,13794,0
2026-09-16T20:59:11Z,8817220,0.68,5.2,1800000,65.7,6973340,11300,76567,8704077,664551,0,0.9,639116,39,55,0xe0000,547,13794,0
2026-09-16T20:59:16Z,8817226,0.62,5.2,1100000,66.7,6973560,11300,108159,12286940,724245,0,0.8,639116,31,55,0xe0000,548,13798,0
2026-09-16T20:59:21Z,8817231,0.65,6.8,900000,64.8,6970324,11300,108735,12276882,1075926,0,0.7,639116,31,55,0xe0000,550,13800,0
2026-09-16T20:59:26Z,8817236,0.60,7.9,1800000,67.2,6974000,11300,109931,12282770,2149964,0,1.7,639116,31,50,0xe0000,551,13832,0
2026-09-16T20:59:31Z,8817241,0.55,6.4,900000,66.2,6971492,11300,108570,12305966,2095155,0,2.1,639116,31,49,0xe0000,552,13844,0
2026-09-16T20:59:36Z,8817246,0.99,6.9,1800000,67.2,6973756,11300,108825,12284908,2500196,0,2.6,639116,31,49,0xe0000,553,13848,0
2026-09-16T20:59:42Z,8817251,0.91,6.8,1800000,65.7,6972700,11300,106436,12305160,2642228,0,2.7,639116,31,49,0xe0000,553,13854,0
2026-09-16T20:59:47Z,8817256,0.84,5.9,900000,67.2,6971656,11300,107254,12289461,3094039,0,3.0,639116,31,49,0xe0000,553,13860,0
2026-09-16T20:59:52Z,8817262,0.85,8.2,1100000,66.2,6974972,11300,107873,12276454,2770874,0,2.4,639116,31,50,0xe0000,553,13864,0
2026-09-16T20:59:57Z,8817267,0.78,9.1,1800000,66.7,6959400,11300,108738,12286759,3095977,0,3.0,639116,31,49,0xe0000,553,13868,0
2026-09-16T21:00:02Z,8817272,0.72,6.1,1200000,65.7,6973560,11300,108419,12294365,3236972,0,2.4,639116,31,49,0xe0000,553,13874,0
2026-09-16T21:00:07Z,8817277,0.66,6.7,1800000,65.7,6974928,11300,106532,12269128,3010315,0,1.8,639116,31,46,0xe0000,554,13880,0
2026-09-16T21:00:12Z,8817282,0.77,7.1,1200000,67.2,6971476,11300,108499,12315402,3167569,0,2.7,639116,31,38,0xe0000,555,13880,0
2026-09-16T21:00:18Z,8817287,1.03,7.0,1800000,67.7,6972944,11300,109663,12273543,3055903,2387,2.4,639116,31,38,0xe0000,556,13886,0
2026-09-16T21:00:23Z,8817292,0.95,7.6,1800000,65.2,6975344,11300,109653,12315400,3526598,804,3.5,639116,31,38,0xe0000,558,13890,0
2026-09-16T21:00:28Z,8817297,0.95,6.3,1200000,67.2,6972184,11300,110979,12306105,3517814,0,3.5,639116,31,38,0xe0000,560,13896,0
2026-09-16T21:00:33Z,8817303,0.87,6.6,1800000,66.7,6971376,11300,112526,12253768,3512608,0,4.0,639116,31,38,0xe0000,560,13904,0
2026-09-16T21:00:38Z,8817308,0.82,6.8,1100000,66.7,6970292,11300,111023,12310107,3619556,0,3.7,639116,31,38,0xe0000,561,13906,0
2026-09-16T21:00:43Z,8817313,0.75,9.4,1100000,65.2,6972656,11300,109329,12290732,3810532,0,3.5,639116,32,38,0xe0000,561,13908,0
2026-09-16T21:00:48Z,8817318,0.69,6.7,1800000,66.7,6972744,11300,109614,12277285,3695627,0,2.3,639116,33,38,0xe0000,561,13912,0
2026-09-16T21:00:54Z,8817323,0.64,6.3,1000000,66.2,6972772,11300,109954,12313757,3167646,793,2.9,639116,34,38,0xe0000,562,13912,0
2026-09-16T21:00:59Z,8817328,0.67,6.4,1800000,66.2,6971424,11300,110440,12291674,3333803,11126,3.2,639116,33,38,0xe0000,563,13916,0
2026-09-16T21:01:04Z,8817334,0.61,5.9,1800000,66.2,6975920,11300,108984,12300687,3292652,9553,4.2,639116,31,37,0xe0000,563,13918,0
2026-09-16T21:01:09Z,8817339,0.56,6.3,900000,65.2,6972504,11300,111810,12281613,2933061,0,5.2,639116,32,37,0xe0000,564,13920,0
2026-09-16T21:01:14Z,8817344,0.60,7.0,1100000,64.8,6972400,11300,114482,12297494,3199169,0,3.0,639116,33,37,0xe0000,564,13922,0
2026-09-16T21:01:19Z,8817349,0.55,9.7,1000000,65.7,6972728,11300,115832,12287393,3551656,0,4.5,639116,33,38,0xe0000,564,13926,0
2026-09-16T21:01:24Z,8817354,0.51,8.5,1800000,67.2,6971652,11300,114507,12280738,3277690,0,2.8,639116,33,38,0xe0000,565,13928,0
2026-09-16T21:01:30Z,8817359,0.47,7.5,900000,65.7,6972596,11300,113440,12317561,4093766,0,4.1,639116,33,38,0xe0000,567,13928,0
2026-09-16T21:01:35Z,8817364,0.51,9.7,1800000,67.2,6964444,11300,113039,12293054,3598789,0,3.1,639116,33,38,0xe0000,569,13932,0
2026-09-16T21:01:40Z,8817370,0.47,5.7,1200000,66.7,6965044,11300,115003,12296425,3430054,0,2.5,639116,33,38,0xe0000,570,13938,0
2026-09-16T21:01:45Z,8817375,0.51,8.5,900000,65.7,6957988,11300,113342,12282055,3420823,0,3.3,639116,33,38,0xe0000,572,13942,0
2026-09-16T21:01:50Z,8817380,0.47,8.3,1800000,67.7,6954776,11300,114888,12259785,3728213,0,3.7,639116,33,38,0xe0000,573,13944,0
2026-09-16T21:01:55Z,8817385,0.43,7.3,1800000,67.2,6963808,11300,114176,12260568,3735509,0,4.9,639116,33,38,0xe0000,574,13956,0
2026-09-16T21:02:00Z,8817390,0.56,6.7,900000,67.2,6963376,11300,113535,12307353,3356903,0,4.2,639116,33,38,0xe0000,575,13960,0
2026-09-16T21:02:06Z,8817395,0.51,6.9,1200000,66.7,6972064,11300,115194,12302168,3652685,0,3.8,639116,33,38,0xe0000,575,13984,0
2026-09-16T21:02:11Z,8817400,0.55,9.8,1100000,66.7,6973836,11300,113928,12286848,3880292,0,3.2,639116,33,38,0xe0000,575,13984,0
2026-09-16T21:02:16Z,8817405,0.67,9.4,1800000,66.2,6973080,11300,114832,12281676,3622726,0,3.4,639116,33,38,0xe0000,575,13986,0
2026-09-16T21:02:21Z,8817411,0.61,7.7,1000000,66.7,6972900,11300,115096,12300064,2800818,0,6.0,639116,33,38,0xe0000,575,13990,0
2026-09-16T21:02:26Z,8817416,0.56,8.5,1800000,65.7,6975444,11300,113877,12280768,2789315,0,6.1,639116,33,38,0xe0000,575,13992,0
2026-09-16T21:02:31Z,8817421,0.76,8.1,1800000,67.2,6971504,11300,114807,12313312,3194418,0,5.3,639116,33,38,0xe0000,575,13992,0
2026-09-16T21:02:36Z,8817426,0.70,6.4,1100000,66.2,6969504,11300,114384,12306338,3719526,0,3.7,639116,33,37,0xe0000,575,13994,0
2026-09-16T21:02:42Z,8817431,0.64,9.2,900000,66.2,6971332,11300,114100,12294448,3704368,0,3.4,639116,33,37,0xe0000,575,13996,0
2026-09-16T21:02:47Z,8817436,0.59,6.3,1200000,66.7,6972120,11300,114890,12290365,3673850,0,3.8,639116,33,37,0xe0000,575,14000,0
2026-09-16T21:02:52Z,8817441,0.54,8.5,1800000,67.7,6956160,11300,114322,12274933,3687343,796,2.6,639116,34,37,0xe0000,575,14004,0
2026-09-16T21:02:57Z,8817447,0.50,7.2,1800000,67.2,6956080,11300,115292,12287191,4203391,11252,3.8,639116,34,37,0xe0000,575,14006,0
2026-09-16T21:03:02Z,8817452,0.46,7.9,1800000,68.2,6949228,11300,116014,12322968,3916970,9638,2.7,639116,33,37,0xe0000,575,14010,0
2026-09-16T21:03:07Z,8817457,0.42,7.5,900000,67.2,6948556,11300,115110,12295321,4076772,0,3.7,639116,33,37,0xe0000,575,14012,0
2026-09-16T21:03:12Z,8817462,0.39,6.2,1800000,66.2,6947612,11300,113833,12299962,3571432,0,6.3,639116,33,37,0xe0000,575,14020,0
2026-09-16T21:03:17Z,8817467,0.36,7.1,1000000,67.2,6957068,11300,115137,12292063,3428251,0,5.7,639116,33,37,0xe0000,575,14022,0
2026-09-16T21:03:23Z,8817472,0.33,18.9,1800000,67.7,6945104,11300,117338,12268904,3576279,0,4.8,639116,33,37,0xe0000,575,14024,0
2026-09-16T21:03:28Z,8817477,0.30,6.7,1800000,67.7,6952396,11300,113622,12298257,3857744,4018,4.2,639116,33,37,0xe0000,575,14076,0
2026-09-16T21:03:33Z,8817482,0.28,7.9,900000,66.2,6962196,11300,112861,12306103,4213891,2411,4.9,639116,33,37,0xe0000,575,14082,0
2026-09-16T21:03:38Z,8817488,0.26,6.8,1800000,67.2,6967636,11300,116120,12304597,3586997,0,4.7,639116,33,37,0xe0000,575,14084,0
2026-09-16T21:03:43Z,8817493,0.23,6.1,1000000,66.7,6966432,11300,114118,12312792,3946970,0,4.9,639116,33,37,0xe0000,575,14104,0
2026-09-16T21:03:48Z,8817498,0.44,10.6,1800000,66.2,6968020,11300,114416,12289118,4160724,0,3.9,639116,33,37,0xe0000,575,14106,0
2026-09-16T21:03:53Z,8817503,0.48,8.2,1100000,66.7,6963576,11300,116885,12286075,3965476,0,3.7,639116,33,37,0xe0000,575,14108,0
2026-09-16T21:03:59Z,8817508,0.53,6.9,1800000,65.7,6964964,11300,113060,12284349,3404887,0,3.2,639116,33,39,0xe0000,575,14110,0
2026-09-16T21:04:04Z,8817513,0.56,7.6,1800000,66.7,6965084,11300,113303,12277612,4169770,0,3.7,639116,33,37,0xe0000,575,14112,0
2026-09-16T21:04:09Z,8817518,0.52,7.4,1200000,67.7,6968384,11300,115068,12301268,4060793,0,4.0,639116,33,37,0xe0000,575,14116,0
2026-09-16T21:04:14Z,8817524,0.48,7.6,1800000,67.2,6962212,11300,120352,12275523,3984707,0,5.5,639116,33,37,0xe0000,575,14126,0
2026-09-16T21:04:19Z,8817529,0.44,8.9,1800000,67.2,6969856,11300,120336,12265563,3779054,0,4.3,639116,33,37,0xe0000,575,14144,0
2026-09-16T21:04:24Z,8817534,0.48,7.2,1800000,66.2,6932400,11300,117718,12297367,4231264,0,4.8,639116,33,37,0xe0000,575,14144,0
2026-09-16T21:04:29Z,8817539,0.44,8.1,1000000,66.7,7009492,11300,116666,12312477,4278704,803,4.0,639116,33,37,0xe0000,575,14148,0
2026-09-16T21:04:34Z,8817544,0.41,6.9,1800000,66.7,7006968,11300,117115,12292781,3369469,9507,4.5,639116,33,37,0xe0000,575,14154,0
2026-09-16T21:04:40Z,8817549,0.46,6.8,1100000,67.2,7002580,11300,117702,12286566,3778189,7961,5.1,639116,33,37,0xe0000,575,14188,0
2026-09-16T21:04:45Z,8817554,0.42,6.8,1800000,67.7,6970196,11300,116679,12300601,3437149,0,4.4,639116,33,37,0xe0000,575,14196,0
2026-09-16T21:04:50Z,8817560,0.47,6.7,1800000,67.2,6973752,11300,117323,12298535,4048608,0,4.2,639116,33,37,0xe0000,575,14198,0
2026-09-16T21:04:55Z,8817565,0.51,7.2,1800000,67.2,6972080,11300,117394,12287241,4375389,797,3.5,639116,35,37,0xe0000,575,14200,0
2026-09-16T21:05:00Z,8817570,0.47,7.2,1200000,66.7,6960328,11300,117375,12282551,3900687,11149,3.6,639116,33,37,0xe0000,575,14220,0
2026-09-16T21:05:05Z,8817575,0.43,9.7,1800000,66.2,6967460,11300,117743,12271288,4228012,9533,3.5,639116,33,37,0xe0000,575,14240,0
2026-09-16T21:05:10Z,8817580,0.72,6.2,1200000,65.7,6973912,11300,116293,12306498,3743731,0,5.0,639116,33,37,0xe0000,575,14242,0
2026-09-16T21:05:16Z,8817585,0.66,10.0,1800000,67.2,6957320,11300,114770,12265745,4365348,0,3.9,639116,33,37,0xe0000,575,14258,0
2026-09-16T21:05:21Z,8817590,0.61,6.3,900000,66.7,6967920,11300,115670,12304612,3980066,0,3.4,639116,33,37,0xe0000,575,14262,0
2026-09-16T21:05:26Z,8817595,0.56,7.1,1100000,66.7,6967492,11300,115193,12301089,4224351,2383,4.2,639116,33,37,0xe0000,575,14268,0
2026-09-16T21:05:31Z,8817601,0.75,8.6,1800000,67.2,6974168,11300,114745,12283568,4133064,795,4.1,639116,33,37,0xe0000,575,14278,0
2026-09-16T21:05:36Z,8817606,0.77,6.5,1000000,66.7,6965416,11300,116669,12294530,4156346,0,3.7,639116,33,37,0xe0000,575,14294,0
2026-09-16T21:05:41Z,8817611,0.71,6.3,1800000,67.2,6956432,11300,115738,12273828,4237982,0,3.6,639116,33,37,0xe0000,575,14316,0
2026-09-16T21:05:46Z,8817616,0.65,6.5,1800000,67.2,6964888,11300,115063,12297803,4108527,0,3.4,639116,33,37,0xe0000,575,14322,0
2026-09-16T21:05:52Z,8817621,0.60,6.8,900000,67.7,6968088,11300,116914,12293603,4382293,0,4.0,639116,33,37,0xe0000,575,14328,0
2026-09-16T21:05:57Z,8817626,0.55,7.3,1800000,67.2,6957384,11300,117361,12296983,4409195,0,3.1,639116,33,37,0xe0000,575,14330,0
2026-09-16T21:06:02Z,8817631,0.51,6.7,1000000,66.2,6945656,11300,116296,12292736,4302938,0,3.3,639116,33,37,0xe0000,575,14336,0
2026-09-16T21:06:07Z,8817637,0.47,8.2,1800000,65.7,6958584,11300,115796,12273397,4470591,0,4.7,639116,33,37,0xe0000,575,14336,0
2026-09-16T21:06:12Z,8817642,0.43,7.3,900000,66.2,6969048,11300,116795,12317864,4345686,0,3.8,639116,33,37,0xe0000,575,14336,0
2026-09-16T21:06:17Z,8817647,0.39,9.7,1200000,66.7,6969880,11300,116169,12300535,4373387,0,4.7,639116,33,37,0xe0000,575,14370,0
2026-09-16T21:06:22Z,8817652,0.44,8.6,900000,66.7,6975144,11300,115563,12285876,3655725,0,4.0,639116,33,37,0xe0000,575,14372,0
2026-09-16T21:06:28Z,8817657,0.41,6.6,1200000,67.7,6972164,11300,115657,12281638,3653110,0,4.1,639116,33,37,0xe0000,575,14374,0
2026-09-16T21:06:33Z,8817662,0.46,8.9,900000,66.2,6977736,11300,112738,12294978,4078297,0,3.9,639116,33,37,0xe0000,575,14376,0
2026-09-16T21:06:38Z,8817667,0.42,7.3,1100000,66.2,6971632,11300,115785,12306657,4414690,0,3.6,639116,33,37,0xe0000,575,14378,0
2026-09-16T21:06:43Z,8817673,0.39,10.0,1800000,66.2,6940844,11300,114482,12290694,4167647,0,4.0,639116,33,37,0xe0000,575,14378,0
2026-09-16T21:06:48Z,8817678,0.43,7.5,1100000,66.7,6954868,11300,115573,12302056,4526980,0,3.5,639116,33,37,0xe0000,575,14380,0
2026-09-16T21:06:53Z,8817683,0.40,10.3,900000,66.2,6970940,11300,113415,12290352,4047484,793,3.9,639116,34,37,0xe0000,575,14380,0
2026-09-16T21:06:58Z,8817688,0.49,6.1,1100000,66.2,6971660,11300,113547,12300306,3921160,10350,3.3,639116,34,37,0xe0000,575,14386,0
2026-09-16T21:07:04Z,8817693,0.53,8.6,1100000,66.2,6972756,11300,112613,12288090,4106674,8743,3.6,639116,33,37,0xe0000,575,14390,0
2026-09-16T21:07:09Z,8817698,0.49,8.3,1800000,66.2,6970376,11300,110975,12284134,3987900,0,3.5,639116,33,40,0xe0000,575,14412,0
2026-09-16T21:07:14Z,8817704,0.45,7.7,900000,66.2,6963736,11300,112020,12317804,3978665,0,3.9,639116,33,37,0xe0000,575,14460,0
2026-09-16T21:07:19Z,8817709,0.50,6.8,1200000,66.2,6961764,11300,110922,12300727,4202909,0,4.4,639116,33,37,0xe0000,575,14462,0
2026-09-16T21:07:24Z,8817714,0.46,9.7,900000,66.2,6959252,11300,113179,12288294,3444889,0,3.3,639116,33,37,0xe0000,575,14466,0
2026-09-16T21:07:29Z,8817719,0.42,6.7,1800000,66.2,6958328,11300,112886,12306437,3502966,0,3.3,639116,33,37,0xe0000,575,14486,0
2026-09-16T21:07:34Z,8817724,0.47,6.6,1000000,67.2,6966860,11300,113220,12287917,3551431,0,4.5,639116,33,37,0xe0000,575,14486,0
2026-09-16T21:07:40Z,8817729,0.51,8.1,1100000,66.7,6975972,11300,113476,12289081,3787593,0,5.3,639116,33,39,0xe0000,575,14488,0
2026-09-16T21:07:45Z,8817734,0.47,9.3,1800000,67.2,6972984,11300,112113,12306411,3847771,0,5.3,639116,33,37,0xe0000,575,14490,0
2026-09-16T21:07:50Z,8817740,0.51,6.4,1000000,67.2,6971036,11300,112447,12295645,3282616,0,4.5,639116,33,37,0xe0000,575,14492,0
2026-09-16T21:07:55Z,8817745,0.47,9.3,900000,65.7,6975256,11300,110901,12294026,3409544,0,3.8,639116,33,37,0xe0000,575,14496,0
2026-09-16T21:08:00Z,8817750,0.43,9.2,1800000,65.7,6959496,11300,111278,12288309,3512787,0,5.1,639116,33,37,0xe0000,575,14506,0
2026-09-16T21:08:05Z,8817755,0.48,6.5,900000,67.7,6950508,11300,111986,12277979,3747198,0,5.5,639116,33,37,0xe0000,575,14518,0
2026-09-16T21:08:11Z,8817760,0.44,7.0,1200000,66.2,6957788,11300,113249,12172912,3238765,0,3.3,639116,33,37,0xe0000,575,14582,0
2026-09-16T21:08:16Z,8817765,0.40,5.1,700000,66.2,6959400,11300,98897,8920255,2590444,0,4.3,639116,33,37,0xe0000,575,15997,0
2026-09-16T21:08:21Z,8817770,0.69,3.7,1800000,66.7,6960792,11300,70761,3083225,741850,0,1.3,639116,33,38,0xe0000,575,19486,0
2026-09-16T21:08:26Z,8817776,0.64,7.1,1100000,65.7,6966440,11300,110680,10375509,2873140,0,3.7,639116,33,37,0xe0000,575,20234,0
2026-09-16T21:08:31Z,8817781,0.58,4.8,1200000,66.7,6967516,11300,83649,4900547,1544287,0,2.5,639116,33,37,0xe0000,575,23387,0
2026-09-16T21:08:36Z,8817786,0.54,2.8,1800000,66.2,6968568,11300,57843,1762390,612246,0,0.7,639116,33,37,0xe0000,575,27377,0
2026-09-16T21:08:41Z,8817791,0.49,2.2,1100000,66.2,6969596,11300,58338,1763084,480355,0,0.5,639116,33,37,0xe0000,575,31386,0
2026-09-16T21:08:46Z,8817796,0.45,3.1,1800000,66.2,6971100,11300,57106,1753879,444652,0,0.8,639116,33,37,0xe0000,575,35335,0
2026-09-16T21:08:52Z,8817801,0.42,1.4,1800000,66.2,6976568,11300,59828,1760181,493403,0,1.0,639116,33,37,0xe0000,575,39329,0
2026-09-16T21:08:57Z,8817806,0.38,3.0,1800000,67.2,6970088,11300,59920,1753381,543193,795,1.2,639116,34,37,0xe0000,575,43297,0
2026-09-16T21:09:02Z,8817811,0.35,1.8,900000,66.2,6972904,11300,59301,1828382,418935,11193,0.7,639116,33,37,0xe0000,576,47385,0
2026-09-16T21:09:07Z,8817817,0.32,3.1,1800000,65.7,6972008,11300,58516,1757215,486019,9545,0.6,639116,33,37,0xe0000,576,51335,0
2026-09-16T21:09:12Z,8817822,0.30,1.2,800000,66.7,6973624,11300,10127,254429,36231,0,0.1,639116,33,31,0xe0000,576,51854,0
2026-09-16T21:09:17Z,8817827,0.27,3.9,1200000,65.7,6970328,11300,81156,6835531,608700,0,1.1,639116,33,37,0xe0000,576,53368,0
2026-09-16T21:09:22Z,8817832,0.25,5.7,1100000,66.2,6975536,11300,90223,7726081,1646646,0,1.5,639116,33,37,0xe0000,576,55239,0
2026-09-16T21:09:27Z,8817837,0.23,3.5,1800000,66.2,6972048,11300,47177,2516984,812353,0,0.8,639116,33,37,0xe0000,577,58996,0
2026-09-16T21:09:33Z,8817842,0.21,2.0,1100000,65.7,6965504,11300,42245,1910639,663167,0,0.9,639116,33,37,0xe0000,578,62965,0
2026-09-16T21:09:38Z,8817847,0.20,4.4,1800000,65.7,6964456,11300,40565,1779053,491309,0,0.4,639116,33,37,0xe0000,581,66913,0
2026-09-16T21:09:43Z,8817852,0.18,2.1,900000,65.7,6965828,11300,38200,1765285,582104,0,0.7,639116,33,37,0xe0000,583,70923,0
2026-09-16T21:09:48Z,8817858,0.25,2.7,700000,65.2,6965272,11300,39118,1766222,677631,0,1.0,639116,31,37,0xe0000,585,74929,0
2026-09-16T21:09:53Z,8817863,0.23,3.8,1800000,65.7,6966964,11300,49380,2957795,765444,0,0.9,639116,31,37,0xe0000,587,78374,0
2026-09-16T21:09:58Z,8817868,0.21,5.6,1000000,65.2,6965492,11300,115796,11696401,2881554,0,2.8,639116,31,37,0xe0000,587,78616,0
2026-09-16T21:10:03Z,8817873,0.27,5.0,1100000,65.7,6966216,11300,74439,5780346,635889,0,0.9,639116,31,37,0xe0000,587,81108,0
2026-09-16T21:10:09Z,8817878,0.41,7.1,1800000,65.7,6958128,11300,86374,7323200,522452,0,0.9,639116,31,38,0xe0000,587,83023,0
2026-09-16T21:10:14Z,8817883,0.50,4.9,900000,65.2,6960252,11300,96550,8171489,1574009,2412,1.6,639116,31,38,0xe0000,587,84629,0
2026-09-16T21:10:19Z,8817888,0.46,5.2,1800000,66.2,6960500,11300,77911,6701395,1567246,0,1.2,639116,31,37,0xe0000,587,86725,0
2026-09-16T21:10:24Z,8817894,0.58,5.8,1200000,65.7,6962212,11300,107839,10585643,2533177,0,1.9,639116,31,37,0xe0000,587,87409,0
2026-09-16T21:10:29Z,8817899,0.62,5.1,1800000,65.2,6964084,11300,83865,8050679,1444204,0,1.0,639116,31,37,0xe0000,587,88977,0
2026-09-16T21:10:34Z,8817904,0.73,6.5,1800000,67.2,6968528,11300,105004,10812791,2421339,0,2.2,639116,31,37,0xe0000,587,89478,0
2026-09-16T21:10:39Z,8817909,0.67,6.6,1100000,65.2,6946620,11300,113773,12296950,3077514,0,3.0,639116,31,37,0xe0000,587,89490,0
2026-09-16T21:10:44Z,8817914,0.62,8.9,1800000,65.7,6948368,11300,111907,12263863,3534793,796,2.5,639116,30,37,0xe0000,588,89496,0
2026-09-16T21:10:49Z,8817919,0.57,6.8,900000,65.2,6954348,11300,111030,12298137,3537784,0,2.2,639116,30,37,0xe0000,589,89522,0
2026-09-16T21:10:55Z,8817924,0.52,8.7,900000,65.2,6943740,11300,109135,12278150,3810059,0,3.4,639116,30,37,0xe0000,589,89542,0
2026-09-16T21:11:00Z,8817929,0.48,7.0,1800000,65.7,6950268,11300,107182,12275960,3581249,793,3.8,639116,31,37,0xe0000,589,89556,0
2026-09-16T21:11:05Z,8817935,0.44,6.0,1200000,67.2,6957412,11300,107509,12193526,3676555,11158,3.0,639116,30,37,0xe0000,590,89604,0
2026-09-16T21:11:10Z,8817940,0.40,7.0,1800000,66.7,6950892,11300,107607,12270236,3715335,0,2.6,639116,30,37,0xe0000,590,89610,0
2026-09-16T21:11:15Z,8817945,0.45,8.0,1800000,65.2,6955596,11300,108857,12236699,3671939,0,3.5,639116,31,37,0xe0000,590,89652,0
2026-09-16T21:11:20Z,8817950,0.42,7.1,1000000,66.2,6958900,11300,108021,12264813,3604100,0,3.7,639116,31,37,0xe0000,590,89670,0
2026-09-16T21:11:25Z,8817955,0.54,9.3,1100000,65.2,6960844,11300,107652,12305218,3393768,0,2.6,639116,31,37,0xe0000,590,89676,0
2026-09-16T21:11:31Z,8817960,0.50,9.0,1200000,65.2,6968924,11300,106476,12210358,3382383,0,3.3,639116,31,37,0xe0000,590,89752,0
2026-09-16T21:11:36Z,8817965,0.78,8.7,1800000,65.7,6966696,11300,106975,12301300,3752150,9558,3.1,639116,30,37,0xe0000,590,89752,0
2026-09-16T21:11:41Z,8817971,0.72,6.2,900000,65.2,6958008,11300,108756,12296627,3806083,0,4.8,639116,30,37,0xe0000,590,89754,0
2026-09-16T21:11:46Z,8817976,0.66,8.7,1000000,65.2,6965908,11300,107209,12283766,4184477,0,4.2,639116,30,37,0xe0000,590,89758,0
2026-09-16T21:11:51Z,8817981,0.61,8.3,1800000,67.2,6955760,11300,109419,12285289,4153632,0,3.8,639116,30,37,0xe0000,590,89780,0
2026-09-16T21:11:56Z,8817986,0.56,7.9,1800000,66.2,6963492,11300,109108,12307460,3297472,0,2.6,639116,31,37,0xe0000,591,89780,0
2026-09-16T21:12:01Z,8817991,0.51,5.8,1000000,65.7,6966288,11300,107930,12270489,3105622,0,3.0,639116,31,37,0xe0000,591,89800,0
2026-09-16T21:12:07Z,8817996,0.47,7.2,1800000,65.7,6963992,11300,108194,12280525,3036113,0,3.7,639116,31,37,0xe0000,591,89802,0
2026-09-16T21:12:12Z,8818001,0.43,7.9,1800000,66.2,6957364,11300,111759,12311071,3645273,0,4.5,639116,31,37,0xe0000,591,89802,0
2026-09-16T21:12:17Z,8818006,0.40,6.0,1000000,64.8,6967192,11300,110592,12293846,3111765,0,4.4,639116,31,37,0xe0000,592,89812,0
2026-09-16T21:12:22Z,8818012,0.37,7.2,1800000,65.7,6967240,11300,110218,12280399,3525379,0,2.9,639116,31,38,0xe0000,593,89812,0
2026-09-16T21:12:27Z,8818017,0.42,6.4,1800000,66.7,6966164,11300,111841,12276786,3331937,0,3.7,639116,31,37,0xe0000,594,89816,0
2026-09-16T21:12:32Z,8818022,0.38,6.3,1800000,67.2,6962676,11300,111001,12285859,2829594,0,2.9,639116,31,37,0xe0000,595,89832,0
2026-09-16T21:12:37Z,8818027,0.43,7.7,1800000,66.7,6962792,11300,110511,12297166,3492362,0,4.2,639116,31,37,0xe0000,595,89834,0
2026-09-16T21:12:42Z,8818032,0.48,7.2,1000000,66.2,6964576,11300,111344,12303947,3134534,0,4.9,639116,31,37,0xe0000,595,89846,0
2026-09-16T21:12:48Z,8818037,0.44,7.1,1200000,66.2,6965472,11300,110307,12295443,3303175,0,4.3,639116,31,37,0xe0000,595,89852,0
2026-09-16T21:12:53Z,8818042,0.40,8.4,1100000,66.2,6963692,11300,110829,12267865,3523608,0,3.2,639116,31,37,0xe0000,596,89866,0
2026-09-16T21:12:58Z,8818047,0.45,8.9,1200000,66.7,6963064,11300,110308,12279506,3689230,0,3.4,639116,31,37,0xe0000,596,89876,0
2026-09-16T21:13:03Z,8818053,0.42,7.6,700000,66.7,7015480,11300,110865,12272677,3265462,795,3.5,639116,32,37,0xe0000,597,89888,0
2026-09-16T21:13:08Z,8818058,0.38,6.6,1100000,66.7,7010760,11300,111270,12321611,3047448,11125,3.6,639116,31,37,0xe0000,597,89890,0
2026-09-16T21:13:13Z,8818063,0.43,9.2,900000,65.7,7001156,11300,111072,12288561,3412156,0,4.3,639116,31,37,0xe0000,598,89890,0
2026-09-16T21:13:18Z,8818068,0.40,10.0,1800000,66.7,6999996,11300,112095,12307578,2643324,0,4.7,639116,31,37,0xe0000,598,89890,0
2026-09-16T21:13:24Z,8818073,0.36,6.3,1200000,66.2,6961296,11300,111046,12304570,2943322,0,6.1,639116,31,37,0xe0000,598,89892,0
2026-09-16T21:13:29Z,8818078,0.62,10.1,1100000,65.2,6999404,11300,110062,12268399,3237106,0,3.7,639116,31,37,0xe0000,598,89900,0
2026-09-16T21:13:34Z,8818084,0.65,9.1,1100000,65.7,7004980,11300,110626,12283490,3419820,0,4.0,639116,31,37,0xe0000,599,89912,0
2026-09-16T21:13:39Z,8818089,0.60,8.9,1800000,65.7,7006428,11300,110269,12276245,3517219,9525,4.3,639116,31,37,0xe0000,599,89914,0
2026-09-16T21:13:44Z,8818094,0.71,7.0,1100000,65.2,7000412,11300,110171,12294958,3191822,0,3.1,639116,31,37,0xe0000,600,89922,0
2026-09-16T21:13:49Z,8818099,0.73,8.0,1800000,66.7,6971268,11300,110442,12279396,2679057,0,4.8,639116,31,37,0xe0000,600,89924,0
2026-09-16T21:13:54Z,8818104,0.67,6.4,1200000,66.2,6971228,11300,112048,12300141,2418659,0,3.6,639116,31,37,0xe0000,601,89926,0
2026-09-16T21:14:00Z,8818109,0.70,8.7,1800000,66.2,6975112,11300,111045,12294749,2857297,0,5.4,639116,31,37,0xe0000,601,89928,0
2026-09-16T21:14:05Z,8818114,0.64,7.2,900000,66.7,6973196,11300,110641,12288714,3149378,0,4.7,639116,31,37,0xe0000,601,89930,0
2026-09-16T21:14:10Z,8818119,0.75,6.8,1800000,66.7,6972748,11300,111797,12291293,3584483,0,4.4,639116,31,37,0xe0000,601,89942,0
2026-09-16T21:14:15Z,8818125,0.69,5.9,1000000,66.7,6971284,11300,113426,12291955,3526720,0,4.4,639116,31,37,0xe0000,602,89944,0
2026-09-16T21:14:20Z,8818130,0.72,6.0,1800000,66.7,6978944,11300,114873,12310947,3853563,0,3.2,639116,31,37,0xe0000,603,89944,0
2026-09-16T21:14:25Z,8818135,0.66,6.4,1000000,66.2,6972400,11300,115333,12291480,3389376,0,4.3,639116,31,38,0xe0000,603,89944,0
2026-09-16T21:14:30Z,8818140,0.61,6.6,1200000,66.7,6973592,11300,115430,12300709,3660565,0,4.7,639116,31,37,0xe0000,604,89946,0
2026-09-16T21:14:36Z,8818145,0.56,9.6,1000000,66.2,6953788,11300,113632,12285206,3250825,0,4.0,639116,31,37,0xe0000,604,89948,0
2026-09-16T21:14:41Z,8818150,0.51,9.8,1100000,66.2,6961804,11300,113269,12295033,3865172,0,3.5,639116,31,37,0xe0000,604,89950,0
2026-09-16T21:14:46Z,8818156,0.63,9.0,1100000,66.7,6971800,11300,113620,12286762,3602222,0,3.1,639116,31,37,0xe0000,604,89956,0
2026-09-16T21:14:51Z,8818161,0.58,9.5,800000,65.2,6972716,11300,111383,12268126,3398583,0,3.8,639116,31,38,0xe0000,604,89966,0
2026-09-16T21:14:56Z,8818166,0.61,6.7,1800000,66.2,6961108,11300,111970,12297522,3480573,0,4.4,639116,31,37,0xe0000,604,89972,0
2026-09-16T21:15:01Z,8818171,0.56,7.1,900000,66.2,6957300,11300,110248,12294979,3603814,798,4.9,639116,32,37,0xe0000,604,89976,0
2026-09-16T21:15:06Z,8818176,0.60,8.9,1100000,65.2,6955516,11300,110083,12280662,3396544,11105,5.3,639116,32,37,0xe0000,604,89982,0
2026-09-16T21:15:12Z,8818181,0.55,7.5,1800000,66.2,6953836,11300,110713,12257671,4095682,0,5.0,639116,31,37,0xe0000,604,90008,0
2026-09-16T21:15:17Z,8818186,0.51,7.7,1800000,65.2,6967628,11300,109194,11957298,3777782,2411,3.4,639116,31,38,0xe0000,605,90144,0
2026-09-16T21:15:22Z,8818192,0.55,7.1,1000000,67.2,6967324,11300,111274,11956785,4346047,0,3.8,639116,31,38,0xe0000,606,90292,0
2026-09-16T21:15:27Z,8818197,0.50,9.3,1000000,66.2,6969400,11300,112545,12280199,4396655,0,3.8,639116,31,37,0xe0000,607,90294,0
2026-09-16T21:15:32Z,8818202,0.46,7.0,1800000,66.7,6969852,11300,111266,12268360,4121394,0,4.7,639116,31,38,0xe0000,609,90294,0
2026-09-16T21:15:37Z,8818207,0.59,7.8,1100000,65.7,6971808,11300,112379,12291290,4282493,10445,4.6,639116,31,38,0xe0000,610,90310,0
2026-09-16T21:15:42Z,8818212,0.54,9.5,1000000,65.7,6972212,11300,111837,12281649,3827985,0,3.6,639116,31,38,0xe0000,611,90314,0
2026-09-16T21:15:48Z,8818217,0.50,9.0,1100000,65.2,6971900,11300,111315,12301217,4166291,0,3.8,639116,31,39,0xe0000,611,90324,0
2026-09-16T21:15:53Z,8818222,0.54,9.1,1800000,66.2,6976432,11300,110372,12289666,4151190,0,4.1,639116,31,39,0xe0000,611,90328,0
2026-09-16T21:15:58Z,8818227,0.49,6.7,1800000,67.2,6970592,11300,110688,12293762,4063898,0,3.0,639116,31,38,0xe0000,611,90334,0
2026-09-16T21:16:03Z,8818233,0.45,7.1,1100000,66.7,6973336,11300,110579,12275448,4585513,0,3.9,639116,31,38,0xe0000,612,90336,0
2026-09-16T21:16:08Z,8818238,0.42,9.1,1800000,67.2,6965364,11300,109784,12296280,4432219,0,4.4,639116,31,38,0xe0000,612,90338,0
2026-09-16T21:16:13Z,8818243,0.38,7.8,1800000,66.7,6964412,11300,111224,12287966,4358216,0,3.9,639116,31,38,0xe0000,612,90342,0
2026-09-16T21:16:18Z,8818248,0.35,6.3,900000,67.2,6970036,11300,112408,12301779,4087364,0,3.7,639116,31,39,0xe0000,613,90342,0
2026-09-16T21:16:24Z,8818253,0.40,6.6,1100000,66.7,6969952,11300,110446,12300458,3740483,0,5.6,639116,31,38,0xe0000,613,90344,0
2026-09-16T21:16:29Z,8818258,0.53,9.0,1800000,66.2,6969692,11300,111346,12269743,3382966,0,4.3,639116,31,38,0xe0000,613,90346,0
2026-09-16T21:16:34Z,8818263,0.49,6.8,1100000,66.7,6970644,11300,113237,12308645,3651524,0,5.1,639116,31,38,0xe0000,614,90348,0
2026-09-16T21:16:39Z,8818269,0.56,9.5,1800000,66.7,6969360,11300,112225,12294146,4559111,0,5.3,639116,31,38,0xe0000,614,90348,0
2026-09-16T21:16:44Z,8818274,0.76,6.4,1800000,65.2,6959316,11300,113031,12309249,4410976,0,5.6,639116,31,37,0xe0000,615,90350,0
2026-09-16T21:16:49Z,8818279,0.70,7.1,1800000,67.2,6967972,11300,112026,12306849,4291167,0,4.9,639116,31,37,0xe0000,616,90352,0
2026-09-16T21:16:54Z,8818284,0.64,6.9,900000,64.8,6974884,11300,112431,12293751,3297046,0,4.5,639116,31,38,0xe0000,617,90354,0
2026-09-16T21:17:00Z,8818289,0.59,9.3,1800000,67.2,6974084,11300,112531,12293545,3520386,0,4.7,639116,31,38,0xe0000,617,90356,0
2026-09-16T21:17:05Z,8818294,0.54,6.5,1800000,66.2,6974664,11300,112257,12307412,3611396,0,4.6,639116,31,37,0xe0000,617,90356,0
2026-09-16T21:17:10Z,8818299,0.58,7.3,900000,66.2,6972728,11300,110198,12296097,4017270,796,4.1,639116,32,37,0xe0000,617,90356,0
2026-09-16T21:17:15Z,8818305,0.53,9.0,1000000,65.2,6973532,11300,109921,12291046,3818143,11136,3.0,639116,31,37,0xe0000,617,90360,0
2026-09-16T21:17:20Z,8818310,0.65,6.4,1800000,66.7,6973220,11300,110647,12304754,4189469,0,4.9,639116,31,37,0xe0000,617,90360,0
2026-09-16T21:17:25Z,8818315,0.60,6.6,1100000,66.2,6972496,11300,110561,12319171,4686355,0,4.0,639116,31,37,0xe0000,618,90362,0
2026-09-16T21:17:30Z,8818320,0.63,8.8,1800000,66.7,6973644,11300,110337,12253093,3867303,0,3.3,639116,31,37,0xe0000,618,90364,0
2026-09-16T21:17:35Z,8818325,0.58,7.3,1800000,66.2,6977680,11300,110404,12311352,3637630,0,3.7,639116,31,38,0xe0000,619,90364,0
2026-09-16T21:17:41Z,8818330,0.53,6.6,1000000,66.2,6975384,11300,111129,12311249,4035362,0,4.1,639116,31,37,0xe0000,619,90364,0
2026-09-16T21:17:46Z,8818335,0.65,6.7,1200000,67.7,6971248,11300,111470,12301727,3667282,9536,4.9,639116,31,37,0xe0000,620,90364,0
2026-09-16T21:17:51Z,8818341,0.60,7.1,1800000,67.2,6970808,11300,111296,12278736,4018992,0,5.0,639116,31,37,0xe0000,620,90366,0
2026-09-16T21:17:56Z,8818346,0.55,7.9,1800000,65.7,6970620,11300,110871,12310696,3365295,0,6.3,639116,31,37,0xe0000,620,90366,0
2026-09-16T21:18:01Z,8818351,0.59,6.6,1000000,65.7,6969968,11300,110990,12305470,3087660,0,5.1,639116,31,38,0xe0000,622,90372,0
2026-09-16T21:18:06Z,8818356,0.54,6.7,1800000,66.7,6971008,11300,111584,12303530,3025734,0,6.5,639116,31,37,0xe0000,624,90386,0
2026-09-16T21:18:11Z,8818361,0.49,7.2,1800000,67.2,6973876,11300,111789,12305314,3196331,0,5.8,639116,31,37,0xe0000,624,90388,0
2026-09-16T21:18:17Z,8818366,0.54,6.2,900000,67.7,6960044,11300,111276,12294198,2824833,0,4.2,639116,31,37,0xe0000,626,90390,0
2026-09-16T21:18:22Z,8818371,0.49,6.9,1800000,67.2,6964164,11300,110420,12280939,3319841,0,4.6,639116,31,38,0xe0000,627,90392,0
2026-09-16T21:18:27Z,8818377,0.53,7.1,1000000,66.2,6960116,11300,112127,12284371,3271204,0,4.7,639116,31,37,0xe0000,627,90396,0
2026-09-16T21:18:32Z,8818382,0.57,6.6,1200000,66.7,6967760,11300,112229,12303714,3095769,0,5.2,639116,31,37,0xe0000,627,90396,0
2026-09-16T21:18:37Z,8818387,0.52,7.4,1800000,67.2,6969536,11300,109846,12283222,3378393,2384,4.4,639116,31,38,0xe0000,627,90396,0
2026-09-16T21:18:42Z,8818392,0.48,7.9,1800000,67.2,6965524,11300,110337,12296776,3685112,0,3.8,639116,31,38,0xe0000,627,90398,0
2026-09-16T21:18:47Z,8818397,0.44,7.8,1800000,66.2,6959928,11300,110532,12294048,3748727,0,3.8,639116,31,37,0xe0000,628,90400,0
2026-09-16T21:18:53Z,8818402,0.41,7.1,1800000,66.7,6960976,11300,111368,12294676,3307031,0,3.8,639116,31,37,0xe0000,629,90402,0
2026-09-16T21:18:58Z,8818407,0.37,6.3,1200000,66.7,6969628,11300,111550,12301463,3608285,0,4.5,639116,31,37,0xe0000,630,90402,0
2026-09-16T21:19:03Z,8818412,0.34,7.4,1800000,67.7,6966672,11300,110861,12271377,3826757,0,4.4,639116,31,37,0xe0000,630,90404,0
2026-09-16T21:19:08Z,8818418,0.40,7.6,1800000,67.2,6966680,11300,111194,12299137,3262396,1608,4.3,639116,32,37,0xe0000,630,90406,0
2026-09-16T21:19:13Z,8818423,0.45,8.2,1200000,66.2,6967988,11300,106625,11834071,3219666,9645,4.2,639116,32,31,0xe0000,630,90408,0
2026-09-16T21:19:18Z,8818428,0.49,4.9,1200000,66.2,6966172,11300,13192,632210,0,801,0.0,639116,31,37,0xe0000,630,90408,0
2026-09-16T21:19:23Z,8818433,0.53,6.5,1800000,66.2,6969048,11300,103905,12265328,866930,7946,1.2,639116,32,37,0xe0000,632,90408,0
2026-09-16T21:19:28Z,8818438,0.49,6.3,900000,66.2,6973324,11300,104470,12322634,1324978,0,1.3,639116,32,37,0xe0000,632,90408,0
2026-09-16T21:19:33Z,8818443,0.45,5.2,1800000,67.2,6970196,11300,102825,12277797,1702456,0,1.6,639116,32,37,0xe0000,633,90408,0
2026-09-16T21:19:39Z,8818448,0.41,7.3,900000,65.2,6975028,11300,107255,12319787,2925008,0,2.6,639116,32,37,0xe0000,633,90410,0
2026-09-16T21:19:44Z,8818453,0.38,6.3,1800000,65.7,6974692,11300,106322,12277787,2418022,0,2.7,639116,32,37,0xe0000,633,90412,0
2026-09-16T21:19:49Z,8818459,0.35,7.7,1000000,66.2,7009444,11300,106183,12302096,2815004,11241,2.9,639116,30,37,0xe0000,633,90412,0
2026-09-16T21:19:54Z,8818464,0.45,6.3,1800000,66.7,7008392,11300,107464,12265162,3171959,0,2.9,639116,30,37,0xe0000,634,90420,0
2026-09-16T21:19:59Z,8818469,0.57,6.4,1100000,66.2,7004256,11300,110085,12305533,2389297,0,2.2,639116,30,37,0xe0000,635,90420,0
2026-09-16T21:20:04Z,8818474,0.53,6.8,1800000,66.2,6962728,11300,109638,12278338,2806879,0,3.2,639116,30,37,0xe0000,636,90422,0
2026-09-16T21:20:09Z,8818479,0.89,8.1,1800000,66.7,6967236,11300,109162,12318174,3123288,0,2.6,639116,30,37,0xe0000,636,90426,0
2026-09-16T21:20:15Z,8818484,0.81,6.2,1000000,66.2,6963264,11300,109485,12290972,3358553,0,3.5,639116,30,37,0xe0000,639,90428,0
2026-09-16T21:20:20Z,8818489,0.75,8.6,1800000,66.7,6968588,11300,109024,12301712,2918759,0,2.8,639116,31,37,0xe0000,639,90428,0
2026-09-16T21:20:25Z,8818494,0.85,6.6,1000000,66.7,6968776,11300,109564,12299200,3597052,0,3.1,639116,31,37,0xe0000,639,90430,0
2026-09-16T21:20:30Z,8818500,0.78,8.9,1800000,65.2,6970176,11300,108253,12260519,3364449,0,3.2,639116,31,37,0xe0000,640,90440,0
2026-09-16T21:20:35Z,8818505,0.88,5.3,900000,66.2,6970104,11300,109680,12310459,3508690,0,3.8,639116,31,38,0xe0000,640,90442,0
2026-09-16T21:20:40Z,8818510,0.89,6.6,1800000,66.2,6970052,11300,109602,12303726,3554239,0,3.0,639116,31,37,0xe0000,642,90444,0
2026-09-16T21:20:45Z,8818515,0.82,6.9,900000,66.2,6974704,11300,108648,12288745,3800044,0,3.5,639116,31,37,0xe0000,642,90448,0
2026-09-16T21:20:50Z,8818520,0.99,9.1,1800000,65.7,6972856,11300,108816,12273004,3554340,0,3.1,639116,31,37,0xe0000,642,90454,0
2026-09-16T21:20:56Z,8818525,1.15,7.2,1000000,66.7,6976028,11300,109790,12308317,3816204,0,3.9,639116,31,37,0xe0000,642,90458,0
2026-09-16T21:21:01Z,8818530,1.14,6.7,1800000,67.2,6968980,11300,109561,12283694,3725926,0,5.2,639116,31,38,0xe0000,643,90460,0
2026-09-16T21:21:06Z,8818536,1.05,6.1,1000000,66.7,6977376,11300,109017,12288470,3262012,0,3.3,639116,31,37,0xe0000,643,90464,0
2026-09-16T21:21:11Z,8818541,1.12,7.0,1800000,66.7,6976688,11300,109245,12298221,3369708,793,3.6,639116,32,37,0xe0000,643,90464,0
2026-09-16T21:21:16Z,8818546,1.03,6.4,1100000,66.2,6971284,11300,110555,12297994,3321741,11141,3.8,639116,31,37,0xe0000,644,90468,0
2026-09-16T21:21:21Z,8818551,1.03,9.6,1800000,66.7,6971876,11300,109443,12241886,3277456,0,4.4,639116,31,37,0xe0000,644,90476,0
2026-09-16T21:21:26Z,8818556,0.95,3.3,800000,66.7,6960828,11300,43291,4902825,1415004,0,1.6,639116,31,37,0xe0000,644,90478,0
2026-09-16T21:21:32Z,8818561,0.87,6.6,1800000,66.7,6964820,11300,75389,8004468,2033508,0,2.1,639116,31,37,0xe0000,644,90492,0
2026-09-16T21:21:37Z,8818566,0.80,6.8,1100000,66.2,6967456,11300,121919,12298710,4250736,2398,5.1,639116,31,37,0xe0000,644,90494,0
2026-09-16T21:21:42Z,8818572,0.74,9.3,1800000,66.2,6974296,11300,118018,12295100,3562162,0,4.0,639116,31,37,0xe0000,644,90498,0
2026-09-16T21:21:47Z,8818577,0.68,5.8,1800000,66.7,6971424,11300,118434,12277736,3413128,10352,4.0,639116,31,37,0xe0000,644,90502,0
2026-09-16T21:21:52Z,8818582,0.78,7.1,900000,66.2,6975732,11300,117504,12251076,4048220,0,5.0,639116,31,37,0xe0000,644,90508,0
2026-09-16T21:21:57Z,8818587,0.72,6.7,1800000,66.2,6975952,11300,117917,12273456,3644426,0,4.6,639116,31,37,0xe0000,644,90514,0
2026-09-16T21:22:02Z,8818592,0.66,6.9,1100000,65.7,6967884,11300,117509,12305223,3647439,0,6.8,639116,31,37,0xe0000,644,90516,0
2026-09-16T21:22:08Z,8818597,0.61,8.8,1000000,66.2,6952652,11300,114226,12009826,3722464,0,3.4,639116,31,37,0xe0000,644,90620,0
2026-09-16T21:22:13Z,8818602,0.56,7.2,1800000,67.2,6947560,11300,118593,12302198,3023052,0,8.0,639116,31,37,0xe0000,644,90620,0
2026-09-16T21:22:18Z,8818608,0.52,6.1,1000000,66.7,6960584,11300,118578,12286257,2594991,0,7.2,639116,31,37,0xe0000,644,90622,0
2026-09-16T21:22:23Z,8818613,0.47,7.7,1800000,66.7,6955768,11300,118817,12039275,2785978,0,8.3,639116,31,37,0xe0000,644,90716,0
2026-09-16T21:22:28Z,8818618,0.44,6.4,1000000,66.7,6962924,11300,118728,12287178,3657633,0,6.3,639116,31,37,0xe0000,644,90718,0
2026-09-16T21:22:33Z,8818623,0.40,7.7,1800000,67.2,6963732,11300,119664,12283594,4375245,0,4.7,639116,31,38,0xe0000,644,90720,0
2026-09-16T21:22:38Z,8818628,0.37,7.2,1800000,67.2,6957056,11300,118578,12201959,3223900,2411,5.8,639116,31,37,0xe0000,644,90762,0
2026-09-16T21:22:44Z,8818633,0.34,8.1,1000000,66.7,6960124,11300,115936,12266718,3871187,0,7.4,639116,31,37,0xe0000,644,90768,0
2026-09-16T21:22:49Z,8818638,0.31,6.2,1800000,66.7,6964112,11300,118657,12313542,4135573,0,5.1,639116,31,37,0xe0000,644,90770,0
2026-09-16T21:22:54Z,8818643,0.29,7.7,1000000,67.7,6962988,11300,120238,12291132,4632522,0,5.8,639116,31,37,0xe0000,644,90772,0
2026-09-16T21:22:59Z,8818649,0.26,6.1,1800000,67.2,6961472,11300,118967,12291512,4391425,0,5.4,639116,31,37,0xe0000,644,90778,0
2026-09-16T21:23:04Z,8818654,0.24,6.9,1000000,67.2,6949648,11300,117462,12274496,3796453,0,4.6,639116,31,37,0xe0000,644,90790,0
2026-09-16T21:23:09Z,8818659,0.57,9.2,1800000,66.7,6957760,11300,111600,12183794,4307653,794,4.0,639116,31,37,0xe0000,644,90816,0
2026-09-16T21:23:14Z,8818664,0.53,6.8,1100000,67.2,6962600,11300,106742,12230075,3602375,796,3.5,639116,32,37,0xe0000,644,90816,0
2026-09-16T21:23:20Z,8818669,0.56,6.0,1800000,66.7,6968524,11300,106951,12292405,2287317,11142,2.7,639116,31,37,0xe0000,644,90816,0
2026-09-16T21:23:25Z,8818674,0.52,7.4,1800000,67.7,6962092,11300,109972,12262506,2351634,0,2.3,639116,31,37,0xe0000,644,90826,0
2026-09-16T21:23:30Z,8818680,0.48,5.7,900000,66.7,6966900,11300,108718,12285595,2152788,0,2.6,639116,31,37,0xe0000,644,90826,0
2026-09-16T21:23:35Z,8818685,0.52,6.8,1800000,67.2,6956796,11300,107721,12184841,2518673,0,2.8,639116,31,37,0xe0000,644,90826,0
2026-09-16T21:23:40Z,8818690,0.48,7.5,900000,66.2,6958588,11300,106325,12166738,2414194,0,2.5,639116,31,37,0xe0000,644,90826,0
2026-09-16T21:23:45Z,8818695,0.44,6.4,1200000,66.2,6967568,11300,107179,12214561,2047718,0,2.3,639116,31,37,0xe0000,644,90826,0
2026-09-16T21:23:50Z,8818700,0.48,9.3,1100000,66.2,6964816,11300,107994,12167728,2522968,9539,3.1,639116,31,37,0xe0000,644,90844,0
2026-09-16T21:23:56Z,8818705,0.45,6.7,1800000,67.7,6963384,11300,108183,12201610,2281639,0,3.1,639116,31,37,0xe0000,644,90846,0
2026-09-16T21:24:01Z,8818710,0.49,6.6,1800000,66.2,6966588,11300,109123,12284458,2188143,0,4.0,639116,31,37,0xe0000,644,90846,0
2026-09-16T21:24:06Z,8818715,0.45,7.8,1800000,65.2,6965376,11300,106995,12112342,2071758,0,2.6,639116,31,37,0xe0000,644,90892,0
2026-09-16T21:24:11Z,8818721,0.41,6.3,1800000,66.7,6967328,11300,106835,12109259,2684273,0,2.6,639116,31,37,0xe0000,644,90932,0
2026-09-16T21:24:16Z,8818726,0.38,5.9,900000,66.2,6965368,11300,107314,12297633,2322093,0,3.2,639116,31,37,0xe0000,644,90932,0
2026-09-16T21:24:21Z,8818731,0.35,6.2,1200000,67.2,6966848,11300,107920,12294026,2384881,0,3.1,639116,31,37,0xe0000,644,90932,0
2026-09-16T21:24:26Z,8818736,0.32,6.4,1800000,66.7,6964280,11300,107380,12223000,1515005,0,4.7,639116,31,37,0xe0000,644,90932,0
2026-09-16T21:24:31Z,8818741,0.38,10.5,1000000,66.2,6963008,11300,112865,12302634,1610239,0,4.7,639116,31,37,0xe0000,644,90932,0
2026-09-16T21:24:37Z,8818746,0.35,6.1,1800000,66.2,6964480,11300,108453,12280403,1758982,0,5.0,639116,31,37,0xe0000,644,90932,0
2026-09-16T21:24:42Z,8818751,0.32,6.7,1100000,67.2,6964096,11300,107063,12079207,2347702,0,4.9,639116,31,37,0xe0000,644,90976,0
2026-09-16T21:24:47Z,8818757,0.29,6.6,1800000,68.2,6963244,11300,109635,12264892,2983974,2387,5.7,639116,31,37,0xe0000,644,90976,0
2026-09-16T21:24:52Z,8818762,0.27,6.5,1800000,66.7,6967068,11300,109007,12141322,3262797,0,3.0,639116,31,37,0xe0000,644,91020,0
2026-09-16T21:24:57Z,8818767,0.25,6.3,1000000,66.2,6965836,11300,107469,12204857,3829104,0,4.1,639116,31,38,0xe0000,644,91020,0
2026-09-16T21:25:02Z,8818772,0.55,9.6,1800000,66.7,6964436,11300,110225,12262842,4155917,0,3.1,639116,31,37,0xe0000,644,91020,0
2026-09-16T21:25:07Z,8818777,0.50,6.6,1000000,66.7,6963648,11300,109893,12311564,4410686,0,4.8,639116,31,37,0xe0000,644,91020,0
2026-09-16T21:25:13Z,8818782,0.46,9.6,1800000,67.2,6966464,11300,108365,12265604,3930773,794,4.3,639116,32,37,0xe0000,644,91020,0
2026-09-16T21:25:18Z,8818787,0.43,6.6,1100000,67.7,6966564,11300,109346,12298344,3801821,12057,4.5,639116,32,37,0xe0000,644,91020,0
2026-09-16T21:25:23Z,8818792,0.39,7.1,1800000,66.7,6966456,11300,109644,12264821,4178642,0,4.1,639116,31,37,0xe0000,644,91020,0
2026-09-16T21:25:28Z,8818798,0.36,8.1,1800000,66.7,6957896,11300,108502,12309202,3844485,0,3.9,639116,31,37,0xe0000,644,91020,0
2026-09-16T21:25:33Z,8818803,0.33,7.5,1100000,67.7,6952412,11300,109896,12198386,3844306,0,5.3,639116,31,38,0xe0000,644,91020,0
2026-09-16T21:25:38Z,8818808,0.38,8.7,1000000,65.7,6961204,11300,110192,12203792,3936709,0,5.4,639116,31,37,0xe0000,644,91020,0
2026-09-16T21:25:43Z,8818813,0.35,6.1,1800000,66.7,6964200,11300,108153,12224482,3868952,0,3.9,639116,31,38,0xe0000,644,91020,0
2026-09-16T21:25:49Z,8818818,0.41,6.4,1800000,66.7,6964496,11300,108368,12237755,3939822,0,3.9,639116,31,37,0xe0000,644,91020,0
2026-09-16T21:25:54Z,8818823,0.53,6.9,1000000,66.2,6964740,11300,107221,12167538,4333231,9571,4.1,639116,31,37,0xe0000,644,91020,0
2026-09-16T21:25:59Z,8818828,0.49,6.2,1800000,66.2,6966268,11300,108982,12288979,4239027,0,4.3,639116,31,37,0xe0000,644,91020,0
2026-09-16T21:26:04Z,8818834,0.53,7.4,1100000,66.7,6962580,11300,109867,12261203,3805747,0,4.9,639116,31,37,0xe0000,644,91020,0
2026-09-16T21:26:09Z,8818839,0.49,5.8,1800000,66.7,6963680,11300,107163,12202516,4070640,0,4.2,639116,31,38,0xe0000,644,91020,0
2026-09-16T21:26:14Z,8818844,0.53,6.6,1200000,66.7,6964524,11300,109431,12241042,4029275,0,4.6,639116,31,37,0xe0000,644,91020,0
2026-09-16T21:26:19Z,8818849,0.60,8.7,1800000,65.7,6957868,11300,109404,12183071,4007602,0,3.7,639116,31,37,0xe0000,644,91020,0
2026-09-16T21:26:25Z,8818854,0.63,7.0,1200000,66.7,6952784,11300,110565,12230864,3912773,0,4.0,639116,31,37,0xe0000,644,91020,0
2026-09-16T21:26:30Z,8818859,0.82,8.9,1800000,67.2,6960720,11300,112293,12187118,3528686,0,4.8,639116,31,37,0xe0000,644,91020,0
2026-09-16T21:26:35Z,8818864,0.84,6.4,1000000,67.2,6962764,11300,110110,12222515,3416174,0,6.4,639116,31,37,0xe0000,644,91020,0
2026-09-16T21:26:40Z,8818870,0.77,7.2,1800000,67.2,6963108,11300,109716,12283648,3634365,0,5.8,639116,31,38,0xe0000,644,91020,0
2026-09-16T21:26:45Z,8818875,0.71,6.9,1000000,67.2,6962600,11300,109191,12294789,3387037,0,6.1,639116,31,37,0xe0000,644,91020,0
2026-09-16T21:26:50Z,8818880,0.73,9.2,900000,65.7,6962608,11300,108219,12282575,3876742,0,4.3,639116,31,37,0xe0000,644,91020,0
2026-09-16T21:26:55Z,8818885,0.67,6.2,1800000,66.7,6967104,11300,108277,12291328,3396046,0,4.3,639116,31,37,0xe0000,644,91020,0
2026-09-16T21:27:01Z,8818890,0.62,7.2,1000000,66.7,6960060,11300,108715,12289610,3370646,0,4.9,639116,31,37,0xe0000,644,91020,0
2026-09-16T21:27:06Z,8818895,0.57,7.5,1800000,66.2,6965752,11300,107579,12278252,3346347,0,3.3,639116,31,37,0xe0000,644,91020,0
2026-09-16T21:27:11Z,8818900,0.52,7.2,1800000,66.7,6965336,11300,110546,12285854,3509505,0,4.0,639116,31,37,0xe0000,644,91020,0
2026-09-16T21:27:16Z,8818906,0.48,8.5,900000,65.7,6962756,11300,109003,12235718,3708345,801,4.1,639116,32,38,0xe0000,644,91020,0
2026-09-16T21:27:21Z,8818911,0.44,5.9,1200000,67.2,6964500,11300,107331,12217994,3592613,11140,3.7,639116,31,37,0xe0000,644,91020,0
2026-09-16T21:27:26Z,8818916,0.41,9.4,1800000,66.2,6967532,11300,110497,12286521,3323470,0,3.9,639116,31,37,0xe0000,644,91020,0
2026-09-16T21:27:31Z,8818921,0.37,6.1,1000000,68.2,6967332,11300,107463,12236182,3498366,0,4.2,639116,31,37,0xe0000,644,91022,0
2026-09-16T21:27:36Z,8818926,0.58,8.3,1800000,66.7,6967460,11300,107996,12264496,3560378,0,4.3,639116,31,37,0xe0000,644,91022,0
2026-09-16T21:27:42Z,8818931,0.62,8.2,1800000,66.7,6962956,11300,110960,12290824,3985794,0,4.1,639116,31,37,0xe0000,644,91022,0
2026-09-16T21:27:47Z,8818936,0.57,6.2,1100000,66.7,6967220,11300,107832,12298372,3725704,0,4.0,639116,31,37,0xe0000,644,91022,0
2026-09-16T21:27:52Z,8818942,0.60,10.2,1800000,66.2,6965468,11300,112856,12285380,3778046,9541,3.8,639116,31,40,0xe0000,644,91022,0
2026-09-16T21:27:57Z,8818947,0.56,6.5,900000,66.7,6954860,11300,108188,12288701,3980912,0,4.9,639116,31,40,0xe0000,644,91024,0
2026-09-16T21:28:02Z,8818952,0.51,6.6,1800000,66.7,6959524,11300,106503,12297391,4092261,0,4.0,639116,31,40,0xe0000,644,91026,0
2026-09-16T21:28:07Z,8818957,0.55,5.8,1000000,66.2,6968304,11300,105641,12296092,3949550,0,4.3,639116,31,40,0xe0000,644,91026,0
2026-09-16T21:28:12Z,8818962,0.59,10.3,1800000,65.7,6968516,11300,107946,12282712,3458511,0,3.8,639116,31,40,0xe0000,644,91026,0
2026-09-16T21:28:18Z,8818967,0.54,6.2,1100000,66.2,6962592,11300,108019,12291877,3690906,0,4.9,639116,31,40,0xe0000,644,91026,0
2026-09-16T21:28:23Z,8818972,0.58,9.1,900000,67.2,6965828,11300,107086,12282485,3479611,0,3.4,639116,31,40,0xe0000,644,91026,0
2026-09-16T21:28:28Z,8818978,0.61,9.1,1100000,66.2,6969040,11300,106735,12295705,3736098,0,4.5,639116,31,40,0xe0000,644,91026,0
2026-09-16T21:28:33Z,8818983,0.56,8.1,1800000,66.7,6965096,11300,106581,12278282,3426466,0,2.8,639116,31,40,0xe0000,644,91026,0
2026-09-16T21:28:38Z,8818988,0.68,6.3,1100000,66.2,6966744,11300,105001,12305762,3845519,0,3.7,639116,31,40,0xe0000,644,91028,0
2026-09-16T21:28:43Z,8818993,0.78,9.1,1800000,66.7,6961108,11300,107136,12269509,3518033,0,3.7,639116,31,40,0xe0000,644,91028,0
2026-09-16T21:28:48Z,8818998,0.80,6.9,1800000,67.2,6966256,11300,107788,12315108,3938794,0,4.2,639116,31,40,0xe0000,644,91032,0
2026-09-16T21:28:54Z,8819003,0.74,6.0,1000000,67.7,6967000,11300,104968,12284769,3496375,0,4.5,639116,31,40,0xe0000,644,91032,0
2026-09-16T21:28:59Z,8819008,0.76,8.8,800000,66.2,6961992,11300,106741,12290741,3627686,0,4.1,639116,31,40,0xe0000,644,91032,0
2026-09-16T21:29:04Z,8819013,0.78,6.3,1800000,66.2,6963720,11300,106076,12218852,3881774,2389,5.3,639116,31,39,0xe0000,644,91032,0
2026-09-16T21:29:09Z,8819019,0.71,6.6,1000000,67.2,6966928,11300,106430,12247824,3804974,0,4.2,639116,31,39,0xe0000,644,91056,0
2026-09-16T21:29:14Z,8819024,0.74,8.4,1800000,67.2,6964540,11300,106215,12230904,3881903,0,5.1,639116,31,39,0xe0000,644,91058,0
2026-09-16T21:29:19Z,8819029,0.76,7.6,1100000,66.7,6965308,11300,92768,10302017,3306774,801,4.2,639116,32,39,0xe0000,644,91058,0
2026-09-16T21:29:24Z,8819034,0.70,9.4,1800000,66.2,6939676,11300,101316,12300943,13532870,11117,7.7,666716,31,40,0xe0000,644,91112,0
2026-09-16T21:29:30Z,8819039,0.74,7.2,1100000,67.7,6930712,11300,104172,12275229,11362782,0,5.7,675772,31,39,0xe0000,644,91112,0
2026-09-16T21:29:35Z,8819044,0.68,10.1,900000,67.2,6926612,11300,110658,12302821,11336483,10346,5.5,679472,31,38,0xe0000,644,91112,0
2026-09-16T21:29:40Z,8819050,0.71,7.8,1800000,67.2,6927400,11300,110424,12295264,11121353,0,5.5,681688,31,38,0xe0000,644,91112,0
2026-09-16T21:29:45Z,8819055,0.65,7.4,1000000,67.7,6923412,11300,109417,12294600,10954242,0,4.7,681688,31,37,0xe0000,644,91112,0
2026-09-16T21:29:50Z,8819060,0.60,8.2,1800000,66.7,6925212,11300,113283,12289572,10339292,0,6.4,681688,31,37,0xe0000,644,91112,0
2026-09-16T21:29:55Z,8819065,0.55,7.5,1000000,67.2,6922972,11300,111984,12306549,10614440,0,5.4,681704,31,37,0xe0000,644,91112,0
2026-09-16T21:30:00Z,8819070,0.67,9.5,1000000,67.2,6927628,11300,110421,12296144,9951600,0,5.4,681704,31,37,0xe0000,644,91112,0
2026-09-16T21:30:06Z,8819075,0.61,7.7,1800000,66.7,6918220,11300,112557,12280591,10281268,0,5.4,681704,31,37,0xe0000,644,91116,0
2026-09-16T21:30:11Z,8819080,0.56,6.8,1100000,66.7,6916916,11300,111424,12276567,9391451,796,5.3,681704,32,37,0xe0000,644,91116,0
2026-09-16T21:30:16Z,8819086,0.52,9.7,1800000,67.2,6903896,11300,111618,12308517,9194662,9546,5.0,681704,31,37,0xe0000,644,91116,0
2026-09-16T21:30:21Z,8819091,0.64,7.9,1800000,66.7,6898304,11300,116065,12272190,8976163,0,5.0,681704,31,38,0xe0000,644,91118,0
2026-09-16T21:30:26Z,8819096,0.67,7.1,900000,67.2,6905128,11300,110702,12297542,9038634,0,4.7,681704,31,37,0xe0000,645,91120,0
2026-09-16T21:30:31Z,8819101,0.61,7.7,1100000,66.7,6923520,11300,115924,12287092,8140083,0,4.0,681704,31,39,0xe0000,646,91122,0
2026-09-16T21:30:36Z,8819106,0.56,7.5,1800000,66.2,6924892,11300,114006,12267037,8134046,0,4.0,681704,31,37,0xe0000,647,91122,0
2026-09-16T21:30:42Z,8819111,0.68,8.6,1800000,67.2,6919688,11300,114252,12319640,7491064,8020,3.8,681704,31,37,0xe0000,647,91122,0
2026-09-16T21:30:47Z,8819116,0.62,6.5,1000000,66.7,6925280,11300,113827,12295282,8469410,0,4.8,681848,31,37,0xe0000,648,91124,0
2026-09-16T21:30:52Z,8819122,0.57,6.8,1100000,67.7,6920516,11300,114484,12301676,7523765,0,4.9,681932,31,37,0xe0000,650,91126,0
2026-09-16T21:30:57Z,8819127,0.53,7.5,700000,67.7,6921364,11300,112236,12281361,7816282,0,4.3,681932,31,37,0xe0000,651,91126,0
2026-09-16T21:31:02Z,8819132,0.73,8.0,1100000,66.7,6963596,11300,111752,12307446,7532285,0,3.7,681932,31,37,0xe0000,652,91134,0
2026-09-16T21:31:07Z,8819137,0.75,7.4,1800000,67.2,6965712,11300,113365,12273335,7266162,0,4.4,681932,31,37,0xe0000,654,91134,0
2026-09-16T21:31:12Z,8819142,0.69,9.1,1800000,66.2,6926988,11300,112489,12330897,6846649,0,3.7,681932,31,37,0xe0000,654,91136,0
2026-09-16T21:31:18Z,8819147,0.63,7.0,1000000,66.7,6926708,11300,113225,12287806,6976013,0,4.2,681932,31,37,0xe0000,654,91136,0
2026-09-16T21:31:23Z,8819152,0.66,7.3,1200000,67.2,6935152,11300,112138,12283175,6594216,793,3.8,681932,32,37,0xe0000,655,91146,0
2026-09-16T21:31:28Z,8819158,0.61,7.4,1800000,67.2,6932912,11300,110803,12066407,6321247,9531,2.6,681932,31,37,0xe0000,655,91176,0
2026-09-16T21:31:33Z,8819163,0.56,7.8,1800000,66.7,6919344,11300,115913,12316170,6265228,0,2.7,681932,31,37,0xe0000,655,91180,0
2026-09-16T21:31:38Z,8819168,0.60,7.8,1000000,67.2,6931460,11300,115042,12274741,6146955,0,3.3,681932,31,37,0xe0000,655,91206,0
2026-09-16T21:31:43Z,8819173,0.55,6.4,1800000,67.7,6932076,11300,111004,12297582,5817576,0,3.8,681932,31,37,0xe0000,656,91206,0
2026-09-16T21:31:49Z,8819178,0.58,6.5,1000000,67.7,6927792,11300,112183,12306734,5984005,0,3.5,681932,31,37,0xe0000,658,91208,0
2026-09-16T21:31:54Z,8819183,0.62,7.0,1200000,67.2,6922004,11300,119296,12283956,5259033,0,2.5,681932,31,38,0xe0000,661,91210,0
2026-09-16T21:31:59Z,8819189,0.65,9.2,1100000,67.7,6925212,11300,113970,12273652,5463842,7939,3.2,681932,31,37,0xe0000,661,91232,0
2026-09-16T21:32:04Z,8819194,0.60,9.1,1800000,66.2,6931448,11300,112938,12248038,5618417,0,2.7,681932,31,37,0xe0000,661,91236,0
2026-09-16T21:32:09Z,8819199,0.63,7.3,900000,67.7,6926304,11300,114546,12310440,5534005,0,3.0,681932,31,37,0xe0000,661,91236,0
2026-09-16T21:32:14Z,8819204,0.66,6.8,1100000,66.7,6928916,11300,113788,12282581,5056505,0,2.7,681932,31,37,0xe0000,661,91248,0
2026-09-16T21:32:19Z,8819209,0.93,9.1,1000000,66.7,6929708,11300,110429,12265990,5297411,0,2.9,681932,31,37,0xe0000,661,91254,0
2026-09-16T21:32:25Z,8819214,0.85,9.9,1100000,65.7,6929828,11300,112788,12302200,5628622,0,3.2,681932,31,37,0xe0000,661,91258,0
2026-09-16T21:32:30Z,8819219,0.80,9.3,1200000,67.2,6932560,11300,115191,12299067,4825213,0,3.2,681932,31,37,0xe0000,661,91260,0
2026-09-16T21:32:35Z,8819224,0.81,9.1,1800000,67.7,6929088,11300,111864,12281431,5329180,0,2.7,681932,31,38,0xe0000,662,91262,0
2026-09-16T21:32:40Z,8819230,0.75,6.7,1800000,66.7,6930980,11300,113349,12313985,5131241,0,3.0,681932,31,37,0xe0000,662,91340,0
2026-09-16T21:32:45Z,8819235,0.69,6.8,1100000,65.7,6931628,11300,113231,12268069,5109473,0,3.3,681932,31,37,0xe0000,663,91348,0
2026-09-16T21:32:50Z,8819240,0.71,6.7,1200000,66.2,6926344,11300,113540,12301725,5323652,0,3.0,681932,31,37,0xe0000,663,91348,0
2026-09-16T21:32:55Z,8819245,0.74,7.5,700000,67.2,6932360,11300,111967,12280173,5194459,0,3.5,681932,31,37,0xe0000,663,91350,0
2026-09-16T21:33:01Z,8819250,0.68,9.1,1000000,67.2,6931732,11300,113554,12281446,5377308,0,2.1,681932,31,37,0xe0000,664,91368,0
2026-09-16T21:33:06Z,8819255,0.62,8.9,1800000,67.2,6931472,11300,111179,12300525,5241378,0,2.7,681932,31,37,0xe0000,664,91370,0
2026-09-16T21:33:11Z,8819260,0.57,6.6,1100000,67.7,6926676,11300,112141,12304272,5347540,0,2.7,681932,31,37,0xe0000,666,91376,0
2026-09-16T21:33:16Z,8819266,0.53,8.1,1800000,68.7,6933112,11300,110969,12273257,5413899,0,2.6,681932,31,37,0xe0000,666,91376,0
2026-09-16T21:33:21Z,8819271,0.56,8.7,900000,65.7,6929928,11300,114230,12317158,5859708,804,2.3,681932,32,37,0xe0000,666,91378,0
2026-09-16T21:33:26Z,8819276,0.52,8.3,1800000,67.2,6930780,11300,114891,12283488,5520634,11137,3.2,682044,32,37,0xe0000,667,91380,0
2026-09-16T21:33:31Z,8819281,0.48,8.5,1800000,67.2,6926412,11300,112686,12296150,5189048,0,2.6,682044,31,37,0xe0000,669,91388,0
2026-09-16T21:33:36Z,8819286,0.44,7.6,800000,67.2,6930004,11300,114879,12312288,5709212,0,2.7,683504,31,37,0xe0000,669,91390,0
2026-09-16T21:33:42Z,8819291,0.40,7.1,1100000,66.7,6959164,11300,112924,12313934,5404135,0,3.6,685588,31,37,0xe0000,670,91392,0
2026-09-16T21:33:47Z,8819296,0.45,7.7,1800000,66.7,6951512,11300,113657,12285519,4796539,0,2.2,688864,31,37,0xe0000,672,91396,0
2026-09-16T21:33:52Z,8819302,0.41,7.7,1100000,67.7,6921812,11300,115804,12306711,4711620,0,2.6,689896,31,37,0xe0000,672,91396,0
2026-09-16T21:33:57Z,8819307,0.38,9.7,1800000,67.2,6916984,11300,114658,12281082,5265875,9545,3.1,691560,31,37,0xe0000,672,91398,0
2026-09-16T21:34:02Z,8819312,0.43,6.8,1200000,66.2,6910252,11300,113285,12299850,5074572,0,2.3,696476,31,37,0xe0000,674,91398,0
2026-09-16T21:34:07Z,8819317,0.40,8.7,1800000,66.7,6905256,11300,117925,12280892,4884924,2384,2.8,699164,31,37,0xe0000,674,91402,0
2026-09-16T21:34:12Z,8819322,0.36,7.1,1800000,66.7,6903572,11300,112559,12316235,4579162,0,2.9,701144,31,37,0xe0000,675,91402,0
2026-09-16T21:34:18Z,8819327,0.42,7.9,1000000,67.2,6905244,11300,117290,12310232,5104177,0,2.9,703288,31,37,0xe0000,675,91404,0
2026-09-16T21:34:23Z,8819332,0.38,6.0,1800000,67.2,6902880,11300,112778,12292542,5271941,0,3.3,703636,31,37,0xe0000,677,91408,0
2026-09-16T21:34:28Z,8819337,0.35,7.0,1100000,66.7,6896068,11300,113033,12309826,4997821,0,3.0,703636,31,37,0xe0000,678,91424,0
2026-09-16T21:34:33Z,8819343,0.40,6.9,1800000,68.2,6900204,11300,114503,12284691,4852348,0,3.6,704276,31,37,0xe0000,678,91424,0
2026-09-16T21:34:38Z,8819348,0.37,7.8,1100000,67.2,6903552,11300,115935,12315963,5243921,795,3.0,704276,31,37,0xe0000,678,91424,0
2026-09-16T21:34:43Z,8819353,0.34,7.0,1200000,66.7,6906056,11300,112863,12294427,4761095,793,2.7,704276,31,37,0xe0000,679,91424,0
2026-09-16T21:34:48Z,8819358,0.31,7.0,1800000,67.7,6902784,11300,112901,12272669,4712839,9532,2.6,704276,31,37,0xe0000,680,91424,0
2026-09-16T21:34:54Z,8819363,0.29,7.7,1100000,67.2,6902256,11300,113403,12319803,5097984,0,3.1,704276,31,37,0xe0000,682,91430,0
2026-09-16T21:34:59Z,8819368,0.26,7.7,1100000,67.2,6905348,11300,113786,12302214,4702146,0,2.3,704276,31,37,0xe0000,685,91434,0
2026-09-16T21:35:04Z,8819374,0.24,9.0,1000000,66.7,6909132,11300,111742,12279627,4878883,0,2.8,704276,31,38,0xe0000,685,91436,0
2026-09-16T21:35:09Z,8819379,0.22,6.6,1100000,67.2,6903788,11300,112859,12298312,4762606,0,2.2,704276,31,37,0xe0000,686,91462,0
2026-09-16T21:35:14Z,8819384,0.21,9.0,1800000,66.2,6896512,11300,111562,12282355,5288401,7945,2.8,704276,31,37,0xe0000,686,91462,0
2026-09-16T21:35:19Z,8819389,0.27,6.4,1800000,66.7,6896724,11300,114131,12305430,5219370,0,3.4,704276,31,37,0xe0000,687,91466,0
2026-09-16T21:35:24Z,8819394,0.25,6.2,1800000,66.7,6898884,11300,111748,12279940,5276326,0,3.6,704276,31,37,0xe0000,688,91472,0
2026-09-16T21:35:30Z,8819399,0.31,6.7,900000,67.2,6906932,11300,110570,12304504,4881815,795,2.6,704276,32,38,0xe0000,690,91472,0
2026-09-16T21:35:35Z,8819404,0.28,6.3,1100000,66.7,6904944,11300,112258,12293811,4722818,10345,3.1,704276,31,37,0xe0000,693,91474,0
2026-09-16T21:35:40Z,8819410,0.31,10.0,1000000,66.7,6906884,11300,113886,12296804,4847225,0,2.2,704276,31,37,0xe0000,693,91474,0
2026-09-16T21:35:45Z,8819415,0.29,8.8,1800000,67.7,6897548,11300,113347,12282112,5029268,0,3.1,704492,31,37,0xe0000,695,91474,0
2026-09-16T21:35:50Z,8819420,0.26,5.8,1000000,66.2,6907972,11300,112287,12314941,4752484,0,2.5,704516,31,37,0xe0000,697,91476,0
2026-09-16T21:35:55Z,8819425,0.24,8.7,1800000,65.7,6909880,11300,111849,12258227,4721816,0,2.3,704636,31,37,0xe0000,698,91478,0
2026-09-16T21:36:00Z,8819430,0.22,5.9,900000,66.7,6907440,11300,114993,12295089,5208148,0,2.7,704636,31,37,0xe0000,698,91480,0
2026-09-16T21:36:06Z,8819435,0.21,6.7,1100000,66.7,6908856,11300,114435,12268276,4844220,8753,2.8,704816,31,37,0xe0000,699,91480,0
2026-09-16T21:36:11Z,8819440,0.19,8.5,1800000,66.7,6906440,11300,112669,12266672,4586212,0,2.1,704816,31,37,0xe0000,699,91484,0
2026-09-16T21:36:16Z,8819445,0.17,6.4,1000000,66.2,6905648,11300,114369,12314860,5101589,0,1.6,704816,31,37,0xe0000,699,91486,0
2026-09-16T21:36:21Z,8819451,0.16,8.9,1800000,66.7,6907500,11300,116737,12299709,4771514,0,2.5,704816,31,37,0xe0000,699,91490,0
2026-09-16T21:36:26Z,8819456,0.23,6.9,1800000,68.2,6908008,11300,118788,12291533,4999329,0,3.3,704816,31,37,0xe0000,700,91502,0
2026-09-16T21:36:31Z,8819461,0.21,5.3,900000,66.7,6901252,11300,114382,12289350,5172701,0,2.7,704816,31,37,0xe0000,700,91518,0
2026-09-16T21:36:36Z,8819466,0.19,6.3,1200000,66.7,6906560,11300,113632,12294483,4581833,0,2.3,704816,31,37,0xe0000,700,91520,0
2026-09-16T21:36:42Z,8819471,0.34,8.7,1000000,66.7,6908132,11300,115222,12308885,4487314,0,2.3,704816,31,37,0xe0000,702,91520,0
2026-09-16T21:36:47Z,8819476,0.31,7.9,1800000,66.7,6903804,11300,115583,12269186,4818983,0,2.9,704816,31,37,0xe0000,702,91522,0
2026-09-16T21:36:52Z,8819481,0.36,6.2,1800000,67.2,6884020,11300,116118,12302195,4566311,0,2.4,704816,31,37,0xe0000,703,91522,0
2026-09-16T21:36:57Z,8819487,0.42,7.3,1800000,66.7,6887004,11300,119617,12308613,4561061,0,2.3,704816,31,37,0xe0000,703,91524,0
2026-09-16T21:37:02Z,8819492,0.38,6.3,1000000,66.7,6898592,11300,116844,12305888,4418960,0,2.3,704816,31,37,0xe0000,705,91524,0
2026-09-16T21:37:07Z,8819497,0.35,9.5,1000000,66.2,6901920,11300,115030,12291037,5060204,0,2.5,704816,31,37,0xe0000,705,91526,0
2026-09-16T21:37:12Z,8819502,0.40,8.5,900000,66.7,6904600,11300,118324,12304095,4417777,0,2.2,704816,31,37,0xe0000,705,91532,0
2026-09-16T21:37:18Z,8819507,0.37,5.8,1200000,65.7,6907868,11300,117483,12308011,4206293,0,1.9,704872,31,37,0xe0000,706,91534,0
2026-09-16T21:37:23Z,8819512,0.42,8.8,1800000,66.2,6907092,11300,114950,12284945,5064729,0,3.6,704872,31,37,0xe0000,706,91536,0
2026-09-16T21:37:28Z,8819517,0.39,6.6,1000000,68.2,6903192,11300,116108,12301446,4893630,0,2.7,704872,31,37,0xe0000,707,91536,0
2026-09-16T21:37:33Z,8819523,0.36,7.0,1800000,67.7,6905672,11300,117002,12305475,4769910,795,2.7,705632,32,37,0xe0000,708,91536,0
2026-09-16T21:37:38Z,8819528,0.33,6.6,1000000,66.7,6900004,11300,117410,12298956,4498524,11954,2.3,706076,31,37,0xe0000,708,91536,0
2026-09-16T21:37:43Z,8819533,0.30,8.4,1800000,65.7,6902696,11300,114172,12288865,4753449,0,3.0,706260,31,37,0xe0000,709,91538,0
2026-09-16T21:37:48Z,8819538,0.28,5.8,1000000,66.7,6902636,11300,111307,12295472,4807278,0,2.5,707464,31,38,0xe0000,709,91538,0
2026-09-16T21:37:54Z,8819543,0.50,8.1,1000000,66.7,6903648,11300,113330,12285434,4805575,0,3.3,707464,31,37,0xe0000,710,91538,0
2026-09-16T21:37:59Z,8819548,0.45,6.2,1200000,67.2,6903736,11300,113691,12306204,4679579,0,2.4,707464,31,37,0xe0000,710,91538,0
2026-09-16T21:38:04Z,8819554,0.42,8.3,1000000,66.7,6901324,11300,111978,12292336,4749632,0,2.4,707464,31,37,0xe0000,711,91538,0
2026-09-16T21:38:09Z,8819559,0.38,6.7,1800000,66.7,6894148,11300,112006,12281779,4349240,10338,2.3,707464,31,37,0xe0000,711,91538,0
2026-09-16T21:38:14Z,8819564,0.35,8.7,1100000,67.2,6902404,11300,113542,12314634,5171945,0,3.1,707464,31,37,0xe0000,711,91538,0
2026-09-16T21:38:19Z,8819569,0.33,7.0,1800000,67.2,6905372,11300,113396,12282332,4188688,0,2.2,707464,31,38,0xe0000,712,91538,0
2026-09-16T21:38:24Z,8819574,0.30,6.4,1800000,66.7,6893368,11300,111838,12290136,4475224,0,2.7,707464,31,37,0xe0000,713,91540,0
2026-09-16T21:38:29Z,8819579,0.27,8.1,1200000,67.2,6906412,11300,113254,12310627,4232177,0,2.0,707464,31,37,0xe0000,714,91540,0
2026-09-16T21:38:35Z,8819584,0.25,8.0,1100000,66.7,6907716,11300,112157,12315648,4384104,0,2.7,707464,31,37,0xe0000,714,91540,0
2026-09-16T21:38:40Z,8819589,0.31,6.3,1800000,67.2,6890472,11300,113209,12281714,3979279,0,2.3,707464,31,37,0xe0000,714,91540,0
2026-09-16T21:38:45Z,8819595,0.29,5.7,1000000,67.2,6898048,11300,113487,12301946,4607945,0,3.2,707464,31,37,0xe0000,716,91542,0
2026-09-16T21:38:50Z,8819600,0.39,6.1,1800000,66.7,6905556,11300,113985,12314785,4366035,0,2.1,707464,31,37,0xe0000,717,91542,0
2026-09-16T21:38:55Z,8819605,0.52,6.3,1100000,67.2,6897296,11300,114677,12280503,4113795,0,2.7,707464,31,37,0xe0000,717,91542,0
2026-09-16T21:39:00Z,8819610,0.48,8.7,1800000,66.2,6904048,11300,113077,12277231,4350807,0,2.1,707464,31,37,0xe0000,718,91542,0
2026-09-16T21:39:05Z,8819615,0.68,6.4,1100000,68.2,6904712,11300,113371,12303480,4852069,0,1.9,707464,31,37,0xe0000,718,91542,0
2026-09-16T21:39:11Z,8819620,0.62,8.9,1200000,66.2,6903888,11300,112979,12293765,3794241,0,2.5,707464,31,39,0xe0000,718,91542,0
2026-09-16T21:39:16Z,8819625,0.57,8.7,900000,66.7,6906284,11300,110274,12307582,4602649,0,2.6,707464,31,37,0xe0000,718,91542,0
2026-09-16T21:39:21Z,8819631,0.61,6.2,1800000,66.7,6905432,11300,73133,8211436,2591777,0,1.8,707464,31,31,0xe0000,718,91542,0
2026-09-16T21:39:26Z,8819636,0.56,3.2,1100000,67.2,6905292,11300,36225,4325042,1648754,0,0.7,707464,31,37,0xe0000,718,91542,0
2026-09-16T21:39:31Z,8819641,0.51,8.6,900000,66.7,6902200,11300,102096,12283629,4327121,793,2.6,707464,32,38,0xe0000,718,91542,0
2026-09-16T21:39:36Z,8819646,0.55,7.2,1800000,67.7,6904344,11300,103747,12286983,4460446,9543,2.9,707464,32,37,0xe0000,718,91542,0
2026-09-16T21:39:41Z,8819651,0.51,8.0,900000,66.7,6906948,11300,105107,12311930,3670753,0,2.6,707464,31,37,0xe0000,718,91542,0
2026-09-16T21:39:47Z,8819656,0.47,7.9,1800000,66.7,6904536,11300,106632,12272012,3854102,0,2.0,707464,31,37,0xe0000,718,91542,0
2026-09-16T21:39:52Z,8819661,0.51,6.5,1100000,65.2,6905908,11300,106742,12311474,3167414,0,1.9,707492,31,37,0xe0000,718,91542,0
2026-09-16T21:39:57Z,8819667,0.47,7.9,900000,66.2,6894440,11300,109130,12280092,3670150,0,2.4,707492,31,37,0xe0000,718,91542,0
2026-09-16T21:40:02Z,8819672,0.59,8.2,900000,66.7,6902932,11300,109775,12291337,3781605,0,1.9,707492,31,38,0xe0000,718,91542,0
2026-09-16T21:40:07Z,8819677,0.54,6.3,1800000,67.2,6902844,11300,110389,12292926,4244258,7964,2.1,707492,31,38,0xe0000,718,91542,0
2026-09-16T21:40:12Z,8819682,0.50,6.9,900000,66.7,6905836,11300,108428,12279558,3984005,0,1.8,707896,31,38,0xe0000,718,91542,0
2026-09-16T21:40:17Z,8819687,0.46,7.6,1800000,67.7,6905564,11300,105627,12257929,3986582,0,2.5,708052,31,38,0xe0000,718,91542,0
2026-09-16T21:40:23Z,8819692,0.42,6.6,1800000,65.7,6892100,11300,106598,12275832,4229248,0,2.7,708052,31,38,0xe0000,718,91542,0
2026-09-16T21:40:28Z,8819697,0.47,5.6,1000000,66.2,6897108,11300,110834,12304735,4041294,0,1.6,708052,31,38,0xe0000,718,91542,0
2026-09-16T21:40:33Z,8819702,0.43,7.8,1000000,67.2,6894412,11300,108009,12296669,4176143,0,2.6,708052,31,38,0xe0000,718,91542,0
2026-09-16T21:40:38Z,8819708,0.40,5.3,1100000,67.2,6898728,11300,107510,12288763,3744904,0,2.9,708072,31,38,0xe0000,718,91542,0
2026-09-16T21:40:43Z,8819713,0.36,9.1,1800000,65.2,6897888,11300,110737,12297028,3328687,0,2.2,708072,31,38,0xe0000,718,91542,0
2026-09-16T21:40:48Z,8819718,0.34,5.0,1100000,67.2,6891416,11300,103553,12295727,4338985,0,1.9,708072,31,39,0xe0000,718,91542,0
2026-09-16T21:40:53Z,8819723,0.31,8.1,900000,65.7,6902964,11300,107942,12285502,4636633,0,3.1,708072,31,38,0xe0000,718,91542,0
2026-09-16T21:40:59Z,8819728,0.36,7.1,1800000,67.2,6900316,11300,103743,12277949,4465865,0,2.8,708072,31,38,0xe0000,718,91542,0
2026-09-16T21:41:04Z,8819733,0.33,6.7,1000000,66.2,6901328,11300,106413,12307176,4915251,0,2.4,708072,31,38,0xe0000,718,91542,0
2026-09-16T21:41:09Z,8819738,0.31,7.5,1800000,66.7,6934232,11300,107082,12272449,5405219,0,3.3,708072,31,38,0xe0000,718,91542,0
2026-09-16T21:41:14Z,8819744,0.28,6.9,1100000,66.2,6936416,11300,106478,12296165,5486102,0,2.8,708072,31,37,0xe0000,718,91542,0
2026-09-16T21:41:19Z,8819749,0.26,8.1,1800000,66.7,6904784,11300,110293,12282978,5347283,0,3.2,708072,31,37,0xe0000,718,91542,0
2026-09-16T21:41:24Z,8819754,0.24,7.7,1800000,66.2,6903852,11300,110357,12294725,5809735,0,3.2,708072,31,37,0xe0000,718,91542,0
2026-09-16T21:41:29Z,8819759,0.22,5.9,1200000,67.2,6902100,11300,109962,12300082,5217027,0,3.6,708072,31,37,0xe0000,718,91542,0
2026-09-16T21:41:34Z,8819764,0.20,7.7,1100000,66.2,6897232,11300,104823,12221002,4123188,0,3.0,708072,31,37,0xe0000,718,91542,0
2026-09-16T21:41:40Z,8819769,0.18,6.3,700000,66.7,6906004,11300,109055,12192305,4555401,794,2.6,708072,33,38,0xe0000,718,91544,0
2026-09-16T21:41:45Z,8819774,0.33,7.7,1000000,65.7,6901672,11300,107116,12300052,2763762,11138,1.6,708116,31,37,0xe0000,718,91544,0
2026-09-16T21:41:50Z,8819780,0.38,6.6,1800000,67.2,6907596,11300,109909,12293342,2411907,0,1.3,708116,31,37,0xe0000,718,91544,0
2026-09-16T21:41:55Z,8819785,0.35,5.6,1200000,66.7,6908048,11300,108162,12299645,2403376,0,1.2,708116,31,37,0xe0000,718,91544,0
2026-09-16T21:42:00Z,8819790,0.45,5.7,1800000,67.2,6905200,11300,106508,12253964,2437768,0,1.1,708116,31,37,0xe0000,718,91544,0
2026-09-16T21:42:05Z,8819795,0.50,7.1,1100000,65.7,6903152,11300,109671,12307543,2871984,0,1.9,708116,31,37,0xe0000,718,91544,0
2026-09-16T21:42:10Z,8819800,0.70,7.6,1800000,65.2,6905980,11300,105477,12277706,2766622,0,1.4,708116,31,37,0xe0000,718,91544,0
2026-09-16T21:42:16Z,8819805,0.72,5.0,1800000,66.2,6902432,11300,107640,12302325,2499349,9561,1.5,708116,31,37,0xe0000,718,91544,0
2026-09-16T21:42:21Z,8819810,0.66,6.8,900000,66.2,6903528,11300,111158,12284654,2689111,0,1.3,708116,31,37,0xe0000,718,91544,0
2026-09-16T21:42:26Z,8819816,0.61,5.4,1200000,66.7,6900844,11300,104898,12285007,3403462,0,1.6,708116,31,37,0xe0000,718,91544,0
2026-09-16T21:42:31Z,8819821,0.64,5.9,700000,67.2,6901064,11300,107615,12253586,4269355,0,3.2,708116,31,37,0xe0000,718,91544,0
2026-09-16T21:42:36Z,8819826,0.59,5.9,1800000,67.2,6899872,11300,107671,12308110,3988087,2386,2.6,708116,31,37,0xe0000,718,91544,0
2026-09-16T21:42:41Z,8819831,0.54,6.2,1000000,67.2,6903396,11300,107030,12286828,4173399,0,1.9,708116,31,37,0xe0000,718,91544,0
2026-09-16T21:42:46Z,8819836,0.58,8.2,1800000,66.2,6899808,11300,109019,12269982,4616591,0,2.3,708116,31,37,0xe0000,718,91544,0
2026-09-16T21:42:52Z,8819841,0.53,6.3,800000,66.2,6905496,11300,108732,12301668,4011327,0,2.0,708132,31,37,0xe0000,718,91544,0
2026-09-16T21:42:57Z,8819846,0.49,6.1,1800000,67.2,6903896,11300,108759,12294937,4344911,0,2.6,708132,31,37,0xe0000,718,91544,0
2026-09-16T21:43:02Z,8819852,0.45,5.6,1000000,65.7,6900940,11300,108184,12284641,4105912,0,2.3,708132,31,37,0xe0000,718,91544,0
2026-09-16T21:43:07Z,8819857,0.41,6.2,1200000,66.7,6903088,11300,109389,12297769,4041012,795,1.6,708132,31,37,0xe0000,718,91544,0
2026-09-16T21:43:12Z,8819862,0.38,8.0,1000000,66.7,6906292,11300,109062,12288091,3924027,0,2.7,708132,31,37,0xe0000,718,91544,0
2026-09-16T21:43:17Z,8819867,0.35,8.0,1800000,66.2,6906468,11300,108175,12282459,4388418,0,2.6,708140,31,37,0xe0000,718,91544,0
2026-09-16T21:43:22Z,8819872,0.48,6.6,1000000,66.7,6904876,11300,108207,12300455,4130039,0,3.3,708140,31,37,0xe0000,718,91544,0
2026-09-16T21:43:28Z,8819877,0.52,7.8,1800000,67.2,6902544,11300,110086,12270561,4402282,0,2.6,708140,31,37,0xe0000,718,91544,0
2026-09-16T21:43:33Z,8819882,0.48,6.1,1800000,68.2,6904724,11300,109577,12301317,3957030,0,2.4,708140,31,37,0xe0000,718,91544,0
2026-09-16T21:43:38Z,8819888,0.44,5.9,1100000,66.7,6929992,11300,107700,12299583,3862393,0,1.9,709080,31,37,0xe0000,718,91544,0
2026-09-16T21:43:43Z,8819893,0.41,6.6,1200000,66.7,6937728,11300,109266,12294593,4163627,793,1.9,709080,32,37,0xe0000,718,91544,0
2026-09-16T21:43:48Z,8819898,0.37,8.6,1800000,65.7,6928876,11300,108829,12279724,3637091,11118,1.8,709080,31,37,0xe0000,718,91544,0
2026-09-16T21:43:53Z,8819903,0.34,6.9,900000,67.2,6904080,11300,111073,12298770,4065034,0,2.6,709080,31,37,0xe0000,718,91544,0
2026-09-16T21:43:58Z,8819908,0.32,7.2,1800000,67.2,6904584,11300,108492,12269669,4579757,0,2.9,709080,31,37,0xe0000,718,91544,0
2026-09-16T21:44:04Z,8819913,0.29,6.4,1000000,65.7,6903316,11300,105417,12312493,3654077,0,2.2,709132,31,37,0xe0000,718,91544,0
2026-09-16T21:44:09Z,8819918,0.35,6.2,1200000,67.2,6902944,11300,104454,12282981,4034450,0,2.2,709132,31,37,0xe0000,718,91544,0
2026-09-16T21:44:14Z,8819924,0.32,8.3,1800000,65.7,6902892,11300,111771,12291212,4000380,0,2.6,709132,31,37,0xe0000,718,91544,0
2026-09-16T21:44:19Z,8819929,0.29,6.3,1100000,66.2,6902600,11300,107332,12300069,3798996,9561,2.5,709132,31,37,0xe0000,718,91544,0
2026-09-16T21:44:24Z,8819934,0.35,7.7,1800000,67.2,6901936,11300,108966,12267112,3951299,0,2.1,709132,31,37,0xe0000,718,91544,0
2026-09-16T21:44:29Z,8819939,0.40,5.8,1100000,66.7,6904360,11300,109694,12305031,3842320,0,2.1,709132,31,37,0xe0000,718,91544,0
2026-09-16T21:44:34Z,8819944,0.45,7.4,1000000,66.7,6903892,11300,106419,12282295,3885246,0,2.4,709132,31,37,0xe0000,718,91544,0
2026-09-16T21:44:40Z,8819949,0.41,5.8,1800000,66.7,6902400,11300,109004,12295912,4005154,0,2.2,709132,31,37,0xe0000,718,91544,0
2026-09-16T21:44:45Z,8819954,0.46,5.2,1100000,67.2,6903724,11300,105536,12276965,3894771,0,1.9,709132,31,37,0xe0000,718,91544,0
2026-09-16T21:44:50Z,8819960,0.42,8.6,1000000,65.2,6903924,11300,107690,12288849,4030822,0,2.0,709132,31,38,0xe0000,718,91544,0
2026-09-16T21:44:55Z,8819965,0.39,6.5,1800000,67.7,6903244,11300,106887,12298939,4154487,0,2.2,709132,31,37,0xe0000,718,91544,0
2026-09-16T21:45:00Z,8819970,0.44,5.9,900000,67.2,6905252,11300,105191,12280329,4054225,0,2.1,709132,31,37,0xe0000,718,91544,0
2026-09-16T21:45:05Z,8819975,0.45,6.0,1800000,65.7,6903208,11300,106660,12289495,3866962,0,1.6,709132,31,37,0xe0000,718,91544,0
2026-09-16T21:45:10Z,8819980,0.49,6.0,1000000,65.7,6903608,11300,107444,12281750,4065447,0,3.2,709132,31,37,0xe0000,718,91544,0
2026-09-16T21:45:16Z,8819985,0.45,8.0,900000,67.2,6905144,11300,110002,12287483,3848658,0,2.5,709132,31,37,0xe0000,718,91544,0
2026-09-16T21:45:21Z,8819990,0.41,6.7,1800000,66.7,6900576,11300,106072,12272366,3568530,0,2.7,709132,31,37,0xe0000,718,91544,0
2026-09-16T21:45:26Z,8819996,0.54,8.1,900000,68.2,6896604,11300,110804,12311247,3612363,0,2.7,709132,31,37,0xe0000,718,91544,0
2026-09-16T21:45:31Z,8820001,0.66,6.4,1000000,67.2,6904940,11300,104195,12290803,3371911,0,1.9,709132,31,37,0xe0000,718,91544,0
2026-09-16T21:45:36Z,8820006,0.61,8.1,900000,66.2,6905872,11300,108744,12289882,3621859,0,1.5,709132,31,37,0xe0000,718,91544,0
2026-09-16T21:45:41Z,8820011,0.56,6.9,1800000,66.7,6903828,11300,108436,12294229,4394184,796,1.9,709132,32,37,0xe0000,718,91544,0
2026-09-16T21:45:46Z,8820016,0.51,5.8,1000000,66.7,6895356,11300,108114,12286756,3645033,11157,2.5,709132,32,37,0xe0000,718,91544,0
2026-09-16T21:45:52Z,8820021,0.47,6.3,1800000,66.7,6892140,11300,106719,12264315,3672090,0,1.9,709132,31,37,0xe0000,718,91544,0
2026-09-16T21:45:57Z,8820026,0.59,7.6,1000000,66.7,6894040,11300,109108,12311688,3732424,0,2.1,709132,31,37,0xe0000,718,91544,0
2026-09-16T21:46:02Z,8820032,0.63,9.4,1800000,66.7,6898072,11300,109910,12280977,3754372,0,2.8,709132,31,37,0xe0000,718,91544,0
2026-09-16T21:46:07Z,8820037,0.58,5.7,1000000,66.7,6879508,11300,108679,12293729,4166611,0,1.7,709132,31,37,0xe0000,718,91544,0
2026-09-16T21:46:12Z,8820042,0.53,6.2,1800000,66.2,6877976,11300,108984,12282272,4364424,0,3.2,709132,31,37,0xe0000,718,91544,0
2026-09-16T21:46:17Z,8820047,0.73,6.4,1000000,66.2,6888060,11300,108259,12290630,4078957,9553,3.3,709132,31,37,0xe0000,718,91544,0
2026-09-16T21:46:22Z,8820052,0.67,8.0,900000,66.7,6894552,11300,108518,12288635,3794212,0,2.3,709132,31,37,0xe0000,718,91544,0
2026-09-16T21:46:28Z,8820057,0.62,8.4,1800000,66.7,6895044,11300,109101,12278153,3572741,0,3.0,709132,31,37,0xe0000,718,91544,0
2026-09-16T21:46:33Z,8820062,0.57,7.2,1000000,65.7,6895564,11300,112870,12307659,3728164,0,2.6,709132,31,37,0xe0000,718,91544,0
2026-09-16T21:46:38Z,8820068,0.60,6.0,1200000,66.7,6896768,11300,108790,12294499,4138957,0,2.6,709132,31,37,0xe0000,718,91544,0
2026-09-16T21:46:43Z,8820073,0.55,8.0,1000000,66.7,6894520,11300,107059,12276245,3472243,0,2.3,709132,31,37,0xe0000,718,91544,0
2026-09-16T21:46:48Z,8820078,0.59,8.2,900000,66.7,6894412,11300,110598,12289274,3828764,0,2.0,709132,31,37,0xe0000,718,91544,0
2026-09-16T21:46:53Z,8820083,0.54,8.5,800000,65.7,6895628,11300,107676,12287642,3569307,0,1.9,709132,31,37,0xe0000,718,91544,0
2026-09-16T21:46:58Z,8820088,0.50,8.3,900000,66.2,6896044,11300,106867,12291087,3942457,0,2.3,709132,31,37,0xe0000,718,91544,0
2026-09-16T21:47:04Z,8820093,0.46,6.8,1000000,66.2,6896956,11300,107138,12292662,3675667,0,2.0,709132,31,37,0xe0000,718,91544,0
2026-09-16T21:47:09Z,8820098,0.50,8.4,900000,66.7,6898588,11300,110594,12273160,3365723,0,2.0,709132,31,37,0xe0000,718,91544,0
2026-09-16T21:47:14Z,8820104,0.46,5.7,1100000,66.7,6895904,11300,109226,12276515,3468447,0,1.6,709132,31,37,0xe0000,718,91544,0
2026-09-16T21:47:19Z,8820109,0.42,7.4,1800000,66.7,6892440,11300,108890,12262368,4087750,0,2.2,709132,31,37,0xe0000,718,91544,0
2026-09-16T21:47:24Z,8820114,0.47,6.8,1800000,65.7,6892032,11300,108092,12313462,4323883,0,2.4,709132,31,38,0xe0000,718,91544,0
2026-09-16T21:47:29Z,8820119,0.43,5.8,1000000,66.2,6894836,11300,107386,12283726,4029726,0,2.2,709132,31,37,0xe0000,718,91544,0
2026-09-16T21:47:34Z,8820124,0.40,9.2,1200000,65.7,6894476,11300,109271,12295080,3792710,0,2.3,709132,31,37,0xe0000,718,91544,0
2026-09-16T21:47:40Z,8820129,0.45,8.5,1800000,66.7,6895460,11300,107936,12282517,3809829,0,3.0,709132,31,37,0xe0000,718,91544,0
2026-09-16T21:47:45Z,8820134,0.41,5.3,1200000,65.7,6893252,11300,107256,12285425,3700076,0,2.3,709132,31,37,0xe0000,718,91544,0
2026-09-16T21:47:50Z,8820140,0.38,6.4,1800000,66.2,6896592,11300,106719,12279303,4263221,12691,2.4,709132,32,37,0xe0000,718,91544,0
2026-09-16T21:47:55Z,8820145,0.51,5.6,1100000,67.2,6899056,11300,105515,12279169,3716173,0,2.1,709132,31,39,0xe0000,718,91544,0
2026-09-16T21:48:00Z,8820150,0.47,5.8,1200000,67.2,6897380,11300,108940,12287871,3688292,0,2.2,709132,31,37,0xe0000,718,91544,0
2026-09-16T21:48:05Z,8820155,0.43,9.2,1800000,66.7,6894424,11300,112714,12267428,3497740,0,1.9,709132,31,37,0xe0000,718,91544,0
2026-09-16T21:48:10Z,8820160,0.58,5.7,1800000,68.2,6895756,11300,106171,12309942,4115075,0,2.0,709132,31,37,0xe0000,718,91544,0
2026-09-16T21:48:16Z,8820165,0.54,5.8,900000,66.7,6893372,11300,109222,12295737,4137503,0,2.7,709164,31,37,0xe0000,718,91544,0
2026-09-16T21:48:21Z,8820170,0.49,8.3,900000,66.2,6896952,11300,107755,12288637,3578950,10321,2.9,709164,31,37,0xe0000,718,91544,0
2026-09-16T21:48:26Z,8820176,0.45,5.5,1100000,66.2,6895076,11300,106152,12293764,4251716,0,2.6,709164,31,37,0xe0000,718,91544,0
2026-09-16T21:48:31Z,8820181,0.42,6.4,1800000,67.2,6894812,11300,106087,12269056,3483397,0,2.0,709164,31,37,0xe0000,718,91544,0
2026-09-16T21:48:36Z,8820186,0.38,6.9,1000000,66.7,6894708,11300,104916,12308503,3801554,0,1.6,709164,31,37,0xe0000,718,91544,0
2026-09-16T21:48:41Z,8820191,0.43,10.1,900000,66.2,6899344,11300,108860,12289677,4453159,0,2.6,709164,31,37,0xe0000,718,91544,0
2026-09-16T21:48:47Z,8820196,0.40,5.9,1800000,65.7,6893872,11300,109861,12289563,4257758,0,2.3,709168,31,37,0xe0000,718,91544,0
2026-09-16T21:48:52Z,8820201,0.37,5.4,1000000,67.7,6892728,11300,107459,12289296,3960090,0,2.3,709168,31,37,0xe0000,718,91544,0
2026-09-16T21:48:57Z,8820206,0.58,6.3,1800000,67.2,6895640,11300,107971,12301158,4335813,0,2.5,709168,31,37,0xe0000,718,91544,0
2026-09-16T21:49:02Z,8820212,0.53,5.7,1000000,66.7,6891572,11300,106587,12273409,3868953,0,1.8,709168,31,37,0xe0000,718,91544,0
2026-09-16T21:49:07Z,8820217,0.49,7.0,1800000,67.2,6894192,11300,110010,12264706,4023986,0,2.8,709168,31,37,0xe0000,718,91544,0
2026-09-16T21:49:12Z,8820222,0.45,8.6,900000,66.7,6887776,11300,111982,12277521,3717915,0,1.7,709168,31,37,0xe0000,718,91544,0
2026-09-16T21:49:17Z,8820227,0.41,5.6,1800000,66.7,6888492,11300,105785,12289699,3954360,0,2.3,709168,31,37,0xe0000,718,91544,0
2026-09-16T21:49:22Z,8820232,0.38,5.7,1100000,66.2,6892144,11300,106871,12295663,4399154,0,1.9,709168,31,37,0xe0000,718,91544,0
2026-09-16T21:49:28Z,8820237,0.35,3.0,1100000,66.2,6895524,11300,44233,4868375,1809764,0,1.4,709168,31,31,0xe0000,718,91544,0
2026-09-16T21:49:33Z,8820242,0.32,4.2,1800000,66.7,6893572,11300,68627,7653494,2193301,0,1.1,709168,31,38,0xe0000,718,91544,0
2026-09-16T21:49:38Z,8820248,0.29,7.9,900000,66.7,6895740,11300,111477,12313667,3448370,0,2.3,709168,31,38,0xe0000,718,91544,0
2026-09-16T21:49:43Z,8820253,0.27,10.2,1800000,66.2,6892852,11300,114611,12307881,2884843,0,1.5,709248,31,38,0xe0000,718,91546,0
2026-09-16T21:49:48Z,8820258,0.33,7.8,1800000,67.2,6891616,11300,113993,12296752,3107628,797,2.3,709248,32,38,0xe0000,718,91546,0
2026-09-16T21:49:53Z,8820263,0.30,7.5,1800000,66.7,6895452,11300,110119,12293407,3679598,14349,2.1,709248,32,38,0xe0000,718,91546,0
2026-09-16T21:49:58Z,8820268,0.28,5.8,1100000,66.2,6898456,11300,106286,12305687,4036013,0,2.4,709248,31,38,0xe0000,718,91546,0
2026-09-16T21:50:04Z,8820273,0.34,7.6,1000000,65.7,6888496,11300,109198,12285769,3742425,0,2.0,709248,31,38,0xe0000,718,91546,0
2026-09-16T21:50:09Z,8820278,0.31,5.8,1800000,66.2,6892624,11300,108649,12281761,2215688,0,1.2,709248,31,38,0xe0000,718,91546,0
2026-09-16T21:50:14Z,8820284,0.28,6.6,1000000,67.7,6894924,11300,108759,12308330,1948479,0,0.9,709248,31,38,0xe0000,718,91546,0
2026-09-16T21:50:19Z,8820289,0.42,7.7,900000,66.7,6895412,11300,107652,12296990,2941146,0,2.2,709248,31,38,0xe0000,718,91548,0
2026-09-16T21:50:24Z,8820294,0.39,7.6,900000,65.7,6895496,11300,106275,12302538,3063716,11933,2.0,709248,31,38,0xe0000,718,91548,0
2026-09-16T21:50:29Z,8820299,0.36,8.2,1800000,66.2,6892848,11300,106159,12284920,3045519,0,1.2,709248,31,38,0xe0000,718,91550,0
2026-09-16T21:50:34Z,8820304,0.41,6.4,900000,66.7,6895176,11300,107840,12313256,3094411,0,1.7,709248,31,38,0xe0000,718,91550,0
2026-09-16T21:50:40Z,8820309,0.38,6.1,1200000,66.2,6889832,11300,110468,12289885,3562037,0,2.0,709248,31,38,0xe0000,718,91586,0
2026-09-16T21:50:45Z,8820314,0.35,8.2,1800000,67.2,6894332,11300,105977,12280008,3568887,0,2.6,710484,31,37,0xe0000,718,91586,0
2026-09-16T21:50:50Z,8820319,0.40,5.5,1800000,67.2,6894440,11300,107422,12291696,3381614,0,1.9,711240,31,37,0xe0000,718,91586,0
2026-09-16T21:50:55Z,8820325,0.37,6.1,1800000,66.2,6896532,11300,108105,12315668,3434349,0,1.4,711240,31,38,0xe0000,718,91586,0
2026-09-16T21:51:00Z,8820330,0.50,6.0,1000000,67.2,6895952,11300,105759,12306912,3685127,0,1.9,711240,31,37,0xe0000,718,91586,0
2026-09-16T21:51:05Z,8820335,0.46,7.8,1800000,67.2,6894072,11300,109931,12272870,3774086,0,2.4,711240,31,37,0xe0000,718,91586,0
2026-09-16T21:51:10Z,8820340,0.42,6.3,1100000,65.2,6893644,11300,106228,12311950,3257292,0,1.4,711692,31,37,0xe0000,718,91586,0
2026-09-16T21:51:15Z,8820345,0.55,8.2,1800000,66.7,6893612,11300,109439,12280962,3483075,0,2.3,711692,31,37,0xe0000,718,91586,0
2026-09-16T21:51:21Z,8820350,0.62,6.1,1100000,67.2,6886128,11300,104767,12311877,3498337,0,2.0,713304,31,37,0xe0000,718,91586,0
2026-09-16T21:51:26Z,8820355,0.57,7.9,1000000,66.2,6884644,11300,105654,12299284,4029181,0,2.8,713412,31,37,0xe0000,718,91586,0
2026-09-16T21:51:31Z,8820360,0.53,6.9,1800000,67.2,6890580,11300,108907,12284477,3461211,0,2.6,713412,31,37,0xe0000,718,91588,0
2026-09-16T21:51:36Z,8820366,0.48,6.0,1100000,66.2,6890116,11300,107692,12317911,3633408,0,2.2,713412,31,37,0xe0000,718,91588,0
2026-09-16T21:51:41Z,8820371,0.45,8.0,1100000,65.7,6891040,11300,108734,12295266,3340184,0,2.3,713564,31,37,0xe0000,718,91590,0
2026-09-16T21:51:46Z,8820376,0.57,7.6,900000,66.7,6889816,11300,107453,12302974,3556351,0,2.0,713564,31,37,0xe0000,718,91602,0
2026-09-16T21:51:51Z,8820381,0.52,7.5,1100000,65.2,6892928,11300,110580,12298766,3736373,792,1.7,713564,32,37,0xe0000,718,91606,0
2026-09-16T21:51:57Z,8820386,0.48,8.2,1800000,65.7,6891788,11300,108456,12282877,3129308,9536,2.2,714460,31,38,0xe0000,718,91606,0
2026-09-16T21:52:02Z,8820391,0.44,5.8,1800000,65.2,6889332,11300,106356,12314858,3062302,0,1.7,714820,31,38,0xe0000,718,91606,0
2026-09-16T21:52:07Z,8820396,0.41,5.6,1200000,67.2,6890140,11300,107197,12306500,3410015,0,1.7,714820,31,40,0xe0000,718,91606,0
2026-09-16T21:52:12Z,8820402,0.37,6.4,1800000,66.2,6890448,11300,106275,12278814,3470249,0,2.0,714836,31,39,0xe0000,718,91606,0
2026-09-16T21:52:17Z,8820407,0.99,6.9,1800000,66.2,6888708,11300,109658,12308135,3957822,0,2.4,714836,31,38,0xe0000,718,91606,0
2026-09-16T21:52:22Z,8820412,0.99,6.7,1200000,66.7,6886900,11300,108071,12304630,3838165,0,1.8,714836,31,38,0xe0000,718,91606,0
2026-09-16T21:52:27Z,8820417,1.07,7.7,1000000,67.2,6884804,11300,107287,12299462,3642760,7959,2.0,715092,31,38,0xe0000,718,91608,0
2026-09-16T21:52:32Z,8820422,0.98,8.1,900000,66.7,6889804,11300,106646,12306599,3695595,0,2.3,715092,31,39,0xe0000,718,91608,0
2026-09-16T21:52:38Z,8820427,0.98,7.7,800000,65.7,6888516,11300,107850,12293562,3601113,0,2.6,715092,31,39,0xe0000,718,91608,0
2026-09-16T21:52:43Z,8820432,0.99,6.4,1800000,66.2,6885340,11300,104199,12268396,3854050,0,2.2,715092,31,38,0xe0000,718,91608,0
2026-09-16T21:52:48Z,8820437,1.07,5.8,1800000,65.7,6880480,11300,108400,12292525,3349679,0,1.7,715092,31,38,0xe0000,718,91608,0
2026-09-16T21:52:53Z,8820443,0.98,8.4,900000,65.7,6884608,11300,108124,12320629,3396210,0,2.0,715576,31,38,0xe0000,718,91608,0
2026-09-16T21:52:58Z,8820448,1.14,7.7,900000,65.2,6884196,11300,105206,12218938,3786855,2386,1.8,715576,31,38,0xe0000,718,91608,0
2026-09-16T21:53:03Z,8820453,1.05,5.7,1800000,67.2,6884088,11300,106169,12308655,3014085,0,1.8,715576,31,38,0xe0000,718,91608,0
2026-09-16T21:53:08Z,8820458,1.21,5.3,1100000,66.7,6887000,11300,107549,12296804,3488942,0,1.8,715576,31,38,0xe0000,718,91608,0
2026-09-16T21:53:14Z,8820463,1.19,5.9,1800000,67.2,6884140,11300,104424,12272116,3400684,0,2.2,715716,31,37,0xe0000,718,91608,0
2026-09-16T21:53:19Z,8820468,1.42,7.4,1800000,67.2,6888284,11300,109115,12319296,4331526,0,2.6,715732,31,37,0xe0000,718,91610,0
2026-09-16T21:53:24Z,8820473,1.46,6.3,900000,66.2,6891168,11300,108282,12296301,3136293,0,2.0,715804,31,37,0xe0000,718,91612,0
2026-09-16T21:53:29Z,8820479,1.35,7.7,1100000,66.2,6888600,11300,108942,12297555,3398788,794,2.1,716020,31,38,0xe0000,718,91612,0
2026-09-16T21:53:34Z,8820484,1.24,6.1,1800000,66.2,6889780,11300,107651,12275877,3628833,0,1.9,716664,31,37,0xe0000,718,91612,0
2026-09-16T21:53:39Z,8820489,1.14,7.6,900000,65.7,6887408,11300,106460,12316730,3430569,0,2.2,716664,31,37,0xe0000,718,91612,0
2026-09-16T21:53:44Z,8820494,1.05,6.2,1100000,65.7,6888988,11300,108311,12296210,3500256,0,1.9,716780,31,37,0xe0000,718,91612,0
2026-09-16T21:53:49Z,8820499,0.96,8.2,1800000,65.7,6890536,11300,106284,12278930,3377840,0,2.1,717236,31,37,0xe0000,718,91612,0
2026-09-16T21:53:55Z,8820504,0.89,6.6,1800000,65.7,6889284,11300,110232,12313384,3955795,802,2.2,717236,32,37,0xe0000,718,91642,0
2026-09-16T21:54:00Z,8820509,0.81,6.0,1200000,66.7,6880148,11300,106443,12303212,3441353,11171,1.6,717340,31,37,0xe0000,718,91642,0
2026-09-16T21:54:05Z,8820515,0.83,7.8,1200000,65.7,6881980,11300,108710,12289305,3948298,0,2.1,717340,31,37,0xe0000,718,91644,0
2026-09-16T21:54:10Z,8820520,0.76,8.4,1800000,66.7,6888440,11300,106890,12307229,4013547,0,2.4,717340,31,37,0xe0000,718,91646,0
2026-09-16T21:54:15Z,8820525,0.86,5.9,1000000,66.7,6888340,11300,107258,12297684,3813165,0,2.8,717340,31,37,0xe0000,718,91646,0
2026-09-16T21:54:20Z,8820530,0.79,7.7,1800000,67.7,6870748,11300,104015,12277959,4275989,0,2.1,717340,31,37,0xe0000,718,91646,0
2026-09-16T21:54:25Z,8820535,0.81,6.7,1800000,66.2,6881740,11300,102834,12296633,4055629,0,1.4,717340,31,37,0xe0000,718,91646,0
2026-09-16T21:54:31Z,8820540,0.74,6.7,1800000,66.2,6880920,11300,102935,12303843,4220362,9639,3.0,717340,31,37,0xe0000,718,91646,0
2026-09-16T21:54:36Z,8820545,1.01,5.3,1100000,66.7,6887096,11300,103069,12298279,3685711,0,2.3,717716,31,37,0xe0000,718,91646,0
2026-09-16T21:54:41Z,8820550,0.92,7.4,1800000,67.7,6888912,11300,103523,12270947,3746075,2386,2.1,718252,31,37,0xe0000,718,91646,0
2026-09-16T21:54:46Z,8820556,0.85,5.9,1100000,66.7,6834592,11300,103076,12314893,4252081,0,2.8,719748,31,37,0xe0000,718,91646,0
2026-09-16T21:54:51Z,8820561,0.78,7.1,1800000,66.7,6887196,11300,100991,12254651,4064153,0,1.9,719812,31,37,0xe0000,719,91646,0
2026-09-16T21:54:56Z,8820566,0.88,7.0,900000,66.2,6886272,11300,104903,12314016,3947253,0,2.0,719812,31,37,0xe0000,719,91646,0
2026-09-16T21:55:01Z,8820571,0.81,8.6,1800000,65.7,6885560,11300,104311,12285565,3626053,0,2.1,719812,31,37,0xe0000,719,91646,0
2026-09-16T21:55:06Z,8820576,0.82,6.1,1100000,66.2,6888096,11300,104210,12298234,3974179,0,2.7,719812,31,37,0xe0000,721,91650,0
2026-09-16T21:55:12Z,8820581,0.76,7.5,1800000,66.7,6886092,11300,102367,12275627,4314996,794,3.4,719812,31,37,0xe0000,721,91650,0
2026-09-16T21:55:17Z,8820586,0.70,6.6,1800000,66.2,6881240,11300,103757,12322758,4228660,0,2.4,719812,31,37,0xe0000,721,91650,0
2026-09-16T21:55:22Z,8820591,0.72,6.2,1100000,66.2,6883244,11300,102539,12300555,4219636,0,1.9,719812,31,37,0xe0000,721,91650,0
2026-09-16T21:55:27Z,8820597,0.66,7.7,1200000,67.2,6883296,11300,103557,12288564,3818922,0,2.0,719812,31,37,0xe0000,721,91650,0
2026-09-16T21:55:32Z,8820602,0.61,7.8,1800000,65.7,6884940,11300,102811,12270430,3958354,0,2.7,719812,31,39,0xe0000,723,91650,0
2026-09-16T21:55:37Z,8820607,0.64,6.7,1000000,66.2,6886500,11300,101920,12309010,3862704,0,2.2,719812,31,37,0xe0000,723,91650,0
2026-09-16T21:55:42Z,8820612,0.59,8.3,1000000,66.2,6887328,11300,102856,12297925,4019209,0,2.6,719812,31,37,0xe0000,723,91650,0
2026-09-16T21:55:47Z,8820617,0.62,8.0,1100000,65.7,6888388,11300,102176,12296589,3438051,0,2.0,719812,31,37,0xe0000,723,91650,0
2026-09-16T21:55:53Z,8820622,0.65,8.6,1200000,66.7,6886088,11300,101551,12306134,4469680,795,2.3,719812,32,38,0xe0000,724,91650,0
2026-09-16T21:55:58Z,8820627,0.60,8.1,1000000,67.7,6884232,11300,104549,12303285,3509959,10349,2.0,719812,32,38,0xe0000,725,91650,0
2026-09-16T21:56:03Z,8820633,0.63,7.1,1800000,66.7,6884052,11300,105615,12307850,3440732,0,1.9,719812,31,37,0xe0000,725,91650,0
2026-09-16T21:56:08Z,8820638,0.58,5.8,900000,65.7,6885324,11300,105251,12290733,3753759,0,2.4,719812,31,37,0xe0000,725,91650,0
2026-09-16T21:56:13Z,8820643,0.53,8.7,1000000,64.8,6887736,11300,102811,12287555,3998451,0,1.9,719812,31,37,0xe0000,725,91650,0
2026-09-16T21:56:18Z,8820648,0.57,5.8,1800000,66.2,6883308,11300,100347,12286459,3477812,0,2.2,719812,31,37,0xe0000,726,91650,0
2026-09-16T21:56:23Z,8820653,0.61,7.0,900000,64.8,6886636,11300,104423,12314315,4028057,0,2.6,719816,31,37,0xe0000,726,91650,0
2026-09-16T21:56:29Z,8820658,0.56,5.7,1800000,66.7,6885868,11300,101307,12302836,4290154,8746,3.0,720136,31,37,0xe0000,728,91650,0
2026-09-16T21:56:34Z,8820663,0.51,6.9,1000000,65.7,6884092,11300,105182,12306665,3867726,0,1.7,720996,31,37,0xe0000,729,91650,0
2026-09-16T21:56:39Z,8820669,0.55,6.4,1800000,66.7,6866188,11300,103565,12302632,4156722,0,2.3,722016,31,38,0xe0000,729,91650,0
2026-09-16T21:56:44Z,8820674,0.51,5.8,900000,66.7,6876780,11300,100706,12293240,3889519,0,2.1,722296,31,37,0xe0000,730,91650,0
2026-09-16T21:56:49Z,8820679,0.47,7.9,1800000,66.7,6881520,11300,100950,12296131,3568226,0,1.6,722296,31,37,0xe0000,730,91650,0
2026-09-16T21:56:54Z,8820684,0.43,6.1,1000000,65.7,6880980,11300,105114,12305851,3945660,0,1.7,722296,31,37,0xe0000,730,91650,0
2026-09-16T21:57:00Z,8820689,0.56,8.1,1800000,66.2,6878704,11300,101750,12295010,4116367,0,2.3,722744,31,37,0xe0000,730,91652,0
2026-09-16T21:57:05Z,8820694,0.51,6.1,1000000,66.7,6878420,11300,103921,12304958,3479521,0,2.5,723284,31,37,0xe0000,731,91652,0
2026-09-16T21:57:10Z,8820699,0.47,6.0,1800000,67.2,6879824,11300,105289,12296487,3486309,0,2.0,723284,31,37,0xe0000,732,91652,0
2026-09-16T21:57:15Z,8820705,0.43,6.4,1100000,67.2,6878948,11300,102547,12296508,3543793,0,1.6,723704,31,37,0xe0000,733,91652,0
2026-09-16T21:57:20Z,8820710,0.40,6.0,1800000,67.2,6925372,11300,103592,12291779,3876409,0,2.6,724156,31,37,0xe0000,733,91652,0
2026-09-16T21:57:25Z,8820715,0.36,6.1,1800000,65.7,6926900,11300,104390,12310293,3893312,0,1.6,724428,31,37,0xe0000,735,91652,0
2026-09-16T21:57:30Z,8820720,0.34,6.1,1100000,65.7,6904800,11300,103659,12311725,3967086,0,1.9,724928,31,37,0xe0000,735,91652,0
2026-09-16T21:57:36Z,8820725,0.31,6.4,1800000,67.2,6884276,11300,104694,12297467,3665454,0,2.6,725020,31,37,0xe0000,735,91652,0
2026-09-16T21:57:41Z,8820730,0.28,7.4,1000000,67.2,6888292,11300,104152,12293578,3796801,0,1.9,725132,31,37,0xe0000,735,91652,0
2026-09-16T21:57:46Z,8820736,0.71,8.2,1100000,66.7,6885160,11300,105380,12286336,3326067,0,1.5,725960,31,37,0xe0000,736,91652,0
2026-09-16T21:57:51Z,8820741,0.65,5.6,1800000,66.2,6885652,11300,102127,12296315,2871794,0,1.8,725980,31,37,0xe0000,737,91652,0
2026-09-16T21:57:56Z,8820746,0.68,5.9,1100000,66.7,6889140,11300,103006,12303531,2814678,794,1.6,726084,32,37,0xe0000,737,91652,0
2026-09-16T21:58:01Z,8820751,0.70,7.8,1800000,67.2,6887792,11300,101676,12286774,3220004,11136,2.1,726244,31,37,0xe0000,737,91652,0
2026-09-16T21:58:06Z,8820756,0.65,5.9,1800000,66.2,6888064,11300,106254,12310697,3183470,0,2.1,726244,31,37,0xe0000,738,91654,0
2026-09-16T21:58:12Z,8820761,0.60,7.1,1000000,66.2,6886244,11300,108218,12302488,3592423,0,1.9,726244,31,37,0xe0000,738,91654,0
2026-09-16T21:58:17Z,8820766,0.63,8.0,1100000,66.7,6887000,11300,111027,12302809,2768389,0,1.6,726244,31,37,0xe0000,738,91654,0
2026-09-16T21:58:22Z,8820772,0.58,8.0,1200000,65.7,6883464,11300,109461,12288067,2495490,0,1.9,728624,31,37,0xe0000,738,91654,0
2026-09-16T21:58:27Z,8820777,0.53,8.1,1800000,66.2,6882744,11300,115610,12280678,2240201,0,1.6,728624,31,38,0xe0000,738,91654,0
2026-09-16T21:58:32Z,8820782,0.57,6.3,1100000,66.7,6886300,11300,108648,12277404,2818874,9547,2.0,728624,31,38,0xe0000,738,91654,0
2026-09-16T21:58:37Z,8820787,0.52,6.3,1800000,67.2,6883520,11300,105150,12275344,2458684,0,1.7,728672,31,38,0xe0000,738,91654,0
2026-09-16T21:58:42Z,8820792,0.56,7.9,1800000,66.7,6880012,11300,105369,12290461,2624280,0,2.1,728672,31,38,0xe0000,738,91654,0
2026-09-16T21:58:48Z,8820797,0.52,6.8,1200000,65.7,6883844,11300,102763,12324873,2850084,0,1.6,728856,31,38,0xe0000,738,91654,0
2026-09-16T21:58:53Z,8820802,0.47,7.1,1800000,66.7,6883760,11300,104152,12276287,2175043,0,1.2,729304,31,38,0xe0000,738,91654,0
2026-09-16T21:58:58Z,8820807,0.52,7.1,1000000,67.2,6883732,11300,104467,12325284,2376679,0,1.7,729304,31,38,0xe0000,738,91654,0
2026-09-16T21:59:03Z,8820813,0.80,7.9,900000,65.7,6882588,11300,102120,12279819,2257760,0,1.6,729304,31,38,0xe0000,738,91654,0
2026-09-16T21:59:08Z,8820818,0.73,7.6,1800000,66.2,6883452,11300,105206,12301391,1893786,0,1.3,729304,31,38,0xe0000,738,91654,0
2026-09-16T21:59:13Z,8820823,0.67,6.2,1100000,67.2,6883336,11300,101654,12298336,2224026,0,1.6,731300,31,39,0xe0000,738,91654,0
2026-09-16T21:59:18Z,8820828,0.62,6.9,1800000,65.7,6881216,11300,105585,12274430,2320779,0,1.7,731568,31,38,0xe0000,738,91654,0
2026-09-16T21:59:23Z,8820833,0.57,6.5,1800000,66.7,6878896,11300,102903,12300186,2309960,0,1.0,731568,31,38,0xe0000,738,91654,0
2026-09-16T21:59:29Z,8820838,0.52,6.6,1800000,65.7,6879300,11300,108738,12306220,2332059,0,1.6,732336,31,38,0xe0000,738,91654,0
2026-09-16T21:59:34Z,8820843,0.48,2.5,1000000,65.2,6880752,11300,28280,2992396,615009,0,0.2,732336,31,32,0xe0000,738,91654,0
2026-09-16T21:59:39Z,8820849,0.44,6.4,1200000,66.2,6871956,11300,77751,9537174,1904279,0,0.9,732336,31,38,0xe0000,738,91654,0
2026-09-16T21:59:44Z,8820854,0.41,7.2,1800000,67.2,6875308,11300,104154,12276577,2272583,0,1.5,732336,31,37,0xe0000,738,91654,0
2026-09-16T21:59:49Z,8820859,0.37,6.6,1800000,67.7,6878312,11300,106425,12290438,3086217,2412,1.5,732336,29,37,0xe0000,738,91654,0
2026-09-16T21:59:54Z,8820864,0.34,6.1,1200000,66.2,6875944,11300,105149,12307172,1432958,0,0.5,732336,29,37,0xe0000,738,91654,0
2026-09-16T21:59:59Z,8820869,0.32,6.3,700000,66.7,6873664,11300,101814,12283194,1728337,795,1.0,732544,30,37,0xe0000,739,91654,0
2026-09-16T22:00:05Z,8820874,0.29,5.6,1200000,65.7,6874652,11300,106115,12314313,1654041,9556,0.8,732544,29,37,0xe0000,740,91656,0
2026-09-16T22:00:10Z,8820879,0.27,7.5,900000,66.2,6877696,11300,102538,12300745,1596773,0,1.0,733048,29,37,0xe0000,741,91656,0
2026-09-16T22:00:15Z,8820884,0.25,5.7,1100000,66.7,6880668,11300,104422,12303919,1292815,0,0.9,733048,29,38,0xe0000,741,91658,0
2026-09-16T22:00:20Z,8820890,0.39,8.1,1800000,68.2,6878200,11300,106687,12282371,1677666,8742,1.6,733048,29,37,0xe0000,741,91658,0
2026-09-16T22:00:25Z,8820895,0.36,5.9,1100000,67.2,6872764,11300,105449,12310111,1311836,0,1.0,734116,29,37,0xe0000,743,91658,0
2026-09-16T22:00:30Z,8820900,0.41,5.0,1800000,66.7,6873696,11300,105376,12291524,1703509,0,0.9,734116,29,37,0xe0000,744,91658,0
2026-09-16T22:00:35Z,8820905,0.45,5.4,1100000,66.2,6878524,11300,104381,12302794,1937678,0,1.2,734504,29,37,0xe0000,746,91658,0
2026-09-16T22:00:40Z,8820910,0.50,5.7,1800000,67.2,6863416,11300,104918,12290840,2315756,0,1.4,734504,29,37,0xe0000,746,91658,0
2026-09-16T22:00:46Z,8820915,0.70,6.0,1100000,66.2,6870004,11300,105519,12302947,2314138,0,1.1,734504,29,37,0xe0000,746,91658,0
2026-09-16T22:00:51Z,8820920,0.64,7.8,1200000,66.7,6870964,11300,104831,12293140,2603028,0,1.3,734504,29,37,0xe0000,746,91658,0
2026-09-16T22:00:56Z,8820926,0.59,6.8,1800000,66.7,6874408,11300,105424,12285860,2038485,0,1.6,734504,29,37,0xe0000,747,91658,0
2026-09-16T22:01:01Z,8820931,0.65,7.8,900000,65.7,6877232,11300,103901,12320220,1988357,0,1.9,734504,29,37,0xe0000,747,91658,0
2026-09-16T22:01:06Z,8820936,0.60,5.7,1200000,66.7,6877808,11300,102049,12301421,2044913,0,1.5,734704,29,37,0xe0000,747,91658,0
2026-09-16T22:01:11Z,8820941,0.79,8.3,1800000,66.7,6876764,11300,100339,12295667,1974951,0,1.7,734704,29,37,0xe0000,748,91658,0
2026-09-16T22:01:16Z,8820946,0.73,6.0,1100000,66.7,6870976,11300,100598,12298186,2356982,0,1.2,734824,29,37,0xe0000,748,91658,0
2026-09-16T22:01:22Z,8820951,0.67,9.0,1800000,66.7,6875276,11300,104328,12296512,2426264,0,1.9,734892,29,37,0xe0000,748,91658,0
2026-09-16T22:01:27Z,8820956,0.62,6.2,900000,66.7,6873824,11300,103710,12304108,2269163,0,1.3,734892,29,37,0xe0000,748,91658,0
2026-09-16T22:01:32Z,8820961,0.57,7.5,1800000,65.7,6876012,11300,101820,12284546,2451999,0,1.2,734892,29,37,0xe0000,748,91658,0
2026-09-16T22:01:37Z,8820967,0.52,5.9,1100000,66.7,6873744,11300,104312,12304938,2077033,0,1.3,734892,29,37,0xe0000,748,91658,0
2026-09-16T22:01:42Z,8820972,0.64,7.7,1800000,65.7,6874696,11300,101364,12284371,1913170,0,1.4,734892,29,37,0xe0000,748,91658,0
2026-09-16T22:01:47Z,8820977,0.59,5.6,1800000,66.2,6876500,11300,103513,12319190,1788482,0,1.6,734892,29,37,0xe0000,748,91658,0
2026-09-16T22:01:52Z,8820982,0.54,6.0,1100000,65.7,6874500,11300,102496,12306108,2165730,0,1.5,734892,29,37,0xe0000,748,91658,0
2026-09-16T22:01:57Z,8820987,0.66,7.6,1800000,66.2,6878332,11300,105223,12267116,2392242,0,1.0,734892,29,37,0xe0000,749,91658,0
2026-09-16T22:02:03Z,8820992,0.77,6.9,1800000,67.2,6876876,11300,106197,12292287,2338340,802,1.9,734892,30,37,0xe0000,750,91658,0
2026-09-16T22:02:08Z,8820997,0.70,6.1,1800000,65.7,6878840,11300,108571,12321792,2078277,11260,1.2,734932,29,38,0xe0000,750,91658,0
2026-09-16T22:02:13Z,8821002,0.65,5.5,1200000,66.7,6877980,11300,107149,12292784,2114578,0,1.2,735148,29,37,0xe0000,750,91658,0
2026-09-16T22:02:18Z,8821008,0.60,4.8,1800000,67.2,6879220,11300,109190,12275374,2052618,0,1.0,735148,29,37,0xe0000,750,91658,0
2026-09-16T22:02:23Z,8821013,0.55,5.8,1200000,67.2,6877888,11300,108122,12317626,2109185,0,1.0,735148,29,37,0xe0000,750,91658,0
2026-09-16T22:02:28Z,8821018,0.66,7.9,1200000,67.2,6875508,11300,110279,12283659,1995389,0,0.9,735380,29,37,0xe0000,750,91658,0
2026-09-16T22:02:33Z,8821023,0.69,6.4,1800000,67.7,6877072,11300,108495,12313046,1765855,9588,1.0,736000,29,37,0xe0000,750,91658,0
2026-09-16T22:02:39Z,8821028,0.72,5.7,1200000,68.2,6875964,11300,107551,12292765,2309863,0,1.0,736000,29,38,0xe0000,750,91658,0
2026-09-16T22:02:44Z,8821033,0.90,7.8,1800000,65.7,6874320,11300,108930,12312320,2445026,0,1.5,736000,29,37,0xe0000,750,91658,0
2026-09-16T22:02:49Z,8821038,0.83,6.1,1000000,67.2,6877164,11300,105534,12290923,2284689,0,1.6,736456,29,37,0xe0000,750,91658,0
2026-09-16T22:02:54Z,8821044,0.84,7.7,900000,66.2,6873116,11300,107490,12296380,2376722,0,1.3,736720,29,37,0xe0000,750,91658,0
2026-09-16T22:02:59Z,8821049,0.77,7.3,1000000,64.8,6872856,11300,107523,12296954,2549726,0,1.4,736720,29,37,0xe0000,750,91658,0
2026-09-16T22:03:04Z,8821054,0.71,8.5,1800000,67.7,6875936,11300,108096,12284630,2144174,0,1.7,736720,29,37,0xe0000,750,91658,0
2026-09-16T22:03:09Z,8821059,0.74,6.0,1000000,66.2,6875108,11300,108125,12308414,2634345,0,1.7,737172,29,37,0xe0000,750,91658,0
2026-09-16T22:03:15Z,8821064,0.68,7.0,1800000,67.7,6873960,11300,110269,12274267,2093226,0,1.5,737172,29,37,0xe0000,750,91658,0
2026-09-16T22:03:20Z,8821069,0.62,6.2,900000,66.2,6875988,11300,112532,12313666,2599186,0,1.6,737172,29,37,0xe0000,750,91658,0
2026-09-16T22:03:25Z,8821074,0.65,8.2,900000,66.7,6874192,11300,109932,12286421,2137139,0,1.2,737464,29,37,0xe0000,750,91658,0
2026-09-16T22:03:30Z,8821080,0.60,5.5,1100000,66.7,6874928,11300,107128,12288852,2292338,0,1.0,737464,29,37,0xe0000,750,91658,0
2026-09-16T22:03:35Z,8821085,0.55,8.3,1800000,67.2,6871440,11300,113340,12277669,2358418,0,1.2,737468,29,37,0xe0000,750,91658,0
2026-09-16T22:03:40Z,8821090,0.59,6.7,1000000,66.2,6872900,11300,110129,12296671,2690858,0,1.4,737468,29,37,0xe0000,750,91658,0
2026-09-16T22:03:45Z,8821095,0.54,6.8,1800000,67.2,6873832,11300,110698,12266102,2378565,0,1.6,737468,29,37,0xe0000,750,91658,0
2026-09-16T22:03:50Z,8821100,0.50,7.1,1800000,66.7,6872740,11300,111774,12315630,2303962,0,1.3,737468,29,38,0xe0000,750,91658,0
2026-09-16T22:03:56Z,8821105,0.54,6.1,900000,66.7,6874156,11300,111070,12287917,2273224,0,1.2,737468,29,37,0xe0000,750,91658,0
2026-09-16T22:04:01Z,8821110,0.65,8.4,1000000,66.7,6874640,11300,110447,12286662,2675874,794,1.9,737468,30,37,0xe0000,750,91658,0
2026-09-16T22:04:06Z,8821116,0.60,7.0,1800000,66.2,6873568,11300,112490,12274756,2400098,11134,1.0,737468,30,37,0xe0000,750,91658,0
2026-09-16T22:04:11Z,8821121,0.55,6.7,1100000,66.2,6874344,11300,111739,12315373,2373456,0,1.3,737468,29,37,0xe0000,750,91658,0
2026-09-16T22:04:16Z,8821126,0.55,5.8,1800000,65.7,6873040,11300,109996,12298262,2158853,0,1.7,737876,29,37,0xe0000,750,91658,0
2026-09-16T22:04:21Z,8821131,0.50,5.3,1100000,66.7,6875980,11300,114345,12299761,2371622,0,2.6,737876,29,37,0xe0000,750,91658,0
2026-09-16T22:04:26Z,8821136,0.54,5.9,1800000,66.7,6872884,11300,112449,12246833,2173772,0,1.2,737884,29,37,0xe0000,750,91658,0
2026-09-16T22:04:32Z,8821141,0.66,5.5,1000000,66.2,6873372,11300,113128,12296040,2717782,0,1.2,737884,29,37,0xe0000,750,91658,0
2026-09-16T22:04:37Z,8821146,0.61,7.2,1800000,66.7,6871800,11300,112090,12258127,2965323,9537,1.6,737884,29,37,0xe0000,750,91658,0
2026-09-16T22:04:42Z,8821152,0.56,7.2,1800000,66.2,6871864,11300,112422,12306870,2090879,0,1.6,737884,29,37,0xe0000,750,91658,0
2026-09-16T22:04:47Z,8821157,0.51,8.9,1000000,66.7,6870204,11300,116787,12301616,2329263,0,1.7,737884,29,37,0xe0000,750,91658,0
2026-09-16T22:04:52Z,8821162,0.47,8.9,1800000,66.7,6871360,11300,118393,12293005,2462399,0,1.5,737884,29,37,0xe0000,750,91658,0
2026-09-16T22:04:57Z,8821167,0.43,6.9,1000000,67.2,6873756,11300,112531,12292603,2729139,11143,1.6,737884,29,37,0xe0000,750,91658,0
2026-09-16T22:05:02Z,8821172,0.40,7.8,1800000,66.2,6872828,11300,112015,12271346,2456899,0,1.6,737884,29,37,0xe0000,750,91660,0
2026-09-16T22:05:08Z,8821177,0.45,6.2,1100000,66.7,6863192,11300,114660,12289544,2427574,0,1.3,737884,29,37,0xe0000,750,91660,0
2026-09-16T22:05:13Z,8821182,0.57,6.9,1800000,67.2,6866176,11300,112183,12286165,2801765,0,1.6,737884,29,37,0xe0000,750,91660,0
2026-09-16T22:05:18Z,8821188,0.53,6.0,1000000,66.2,6871380,11300,111907,12290713,2425201,0,1.0,737884,29,38,0xe0000,750,91660,0
2026-09-16T22:05:23Z,8821193,0.56,7.8,1800000,67.7,6872404,11300,108601,12279976,2661739,0,2.1,737884,29,37,0xe0000,750,91660,0
2026-09-16T22:05:28Z,8821198,0.52,5.4,900000,66.2,6868484,11300,113242,12300385,2405068,8839,1.3,737884,29,37,0xe0000,750,91660,0
2026-09-16T22:05:33Z,8821203,0.48,8.1,1100000,65.2,6874680,11300,112555,12295265,2282014,0,0.9,737884,29,37,0xe0000,750,91660,0
2026-09-16T22:05:38Z,8821208,0.44,7.8,1100000,66.2,6874444,11300,113545,12294237,3211552,0,2.2,737884,29,37,0xe0000,750,91660,0
2026-09-16T22:05:44Z,8821213,0.40,7.6,1800000,65.7,6875148,11300,111931,12272471,2517602,0,1.3,737884,29,37,0xe0000,750,91660,0
2026-09-16T22:05:49Z,8821218,0.45,7.4,1200000,65.7,6872048,11300,110043,12304454,2826053,0,1.5,738340,29,37,0xe0000,750,91660,0
2026-09-16T22:05:54Z,8821223,0.66,7.8,900000,66.7,6876664,11300,112175,12295714,2410130,0,1.6,738340,29,37,0xe0000,750,91660,0
2026-09-16T22:05:59Z,8821229,0.60,5.7,1800000,64.8,6873648,11300,113238,12296070,2492558,0,1.6,738340,29,37,0xe0000,750,91660,0
2026-09-16T22:06:04Z,8821234,0.64,5.6,900000,66.7,6872300,11300,112114,12289769,2893430,0,1.3,738340,29,37,0xe0000,750,91660,0
2026-09-16T22:06:09Z,8821239,0.58,6.5,1800000,67.7,6868136,11300,111060,12302178,2793383,793,2.2,738340,30,37,0xe0000,750,91660,0
2026-09-16T22:06:14Z,8821244,0.54,7.1,1200000,66.7,6875104,11300,113554,12287889,2819154,9556,2.1,738340,29,37,0xe0000,750,91660,0
2026-09-16T22:06:20Z,8821249,0.57,7.9,1100000,65.7,6875112,11300,112327,12255276,2789165,0,1.6,738340,29,37,0xe0000,750,91660,0
2026-09-16T22:06:25Z,8821254,0.61,7.6,1800000,66.2,6873056,11300,111216,12282683,2768046,0,1.2,738340,29,37,0xe0000,750,91660,0
2026-09-16T22:06:30Z,8821259,0.56,6.8,1000000,66.7,6868144,11300,113229,12287079,2448422,0,1.6,738460,29,37,0xe0000,750,91660,0
2026-09-16T22:06:35Z,8821265,0.68,7.5,1800000,66.7,6871540,11300,111985,12278584,3042381,0,1.9,738460,29,37,0xe0000,750,91660,0
2026-09-16T22:06:40Z,8821270,0.62,5.6,1800000,67.2,6871964,11300,108352,12313106,2517008,0,0.9,738460,29,37,0xe0000,750,91660,0
2026-09-16T22:06:45Z,8821275,0.57,6.6,1100000,67.2,6869496,11300,113184,12292651,2583886,7955,1.8,738876,29,37,0xe0000,750,91660,0
2026-09-16T22:06:50Z,8821280,0.53,8.8,1200000,65.7,6871452,11300,111528,12291099,3211197,0,1.8,739792,29,37,0xe0000,750,91660,0
2026-09-16T22:06:56Z,8821285,0.48,8.8,1800000,65.7,6872076,11300,110311,12288642,2439505,0,1.3,739952,29,37,0xe0000,750,91660,0
2026-09-16T22:07:01Z,8821290,0.44,5.9,1100000,66.7,6870152,11300,112344,12279188,2700467,0,1.6,739952,29,37,0xe0000,750,91660,0
2026-09-16T22:07:06Z,8821295,0.41,8.4,900000,67.7,6869884,11300,109736,12283555,2382057,0,1.3,739964,29,37,0xe0000,750,91660,0
2026-09-16T22:07:11Z,8821301,0.38,7.5,900000,66.7,6868740,11300,107931,12273125,2588758,0,1.7,739964,29,37,0xe0000,750,91660,0
2026-09-16T22:07:16Z,8821306,0.35,6.0,1800000,66.2,6906692,11300,113613,12295911,2575721,0,1.5,739964,29,37,0xe0000,750,91660,0
2026-09-16T22:07:21Z,8821311,0.32,6.4,900000,66.2,6908460,11300,111580,12294580,2393289,0,1.0,740004,29,37,0xe0000,750,91660,0
2026-09-16T22:07:26Z,8821316,0.42,4.8,1200000,66.2,6908296,11300,108986,12287516,2460964,0,1.3,740504,29,38,0xe0000,750,91660,0
2026-09-16T22:07:32Z,8821321,0.38,8.1,800000,66.7,6902748,11300,111728,12288973,2982825,0,1.6,740504,29,37,0xe0000,750,91660,0
2026-09-16T22:07:37Z,8821326,0.35,5.6,1100000,66.7,6869680,11300,109551,12295148,2167806,0,0.9,741152,29,37,0xe0000,750,91660,0
2026-09-16T22:07:42Z,8821332,0.48,8.2,1800000,65.2,6871208,11300,111961,12295176,2120748,0,1.5,741152,29,37,0xe0000,750,91660,0
2026-09-16T22:07:47Z,8821337,0.44,5.8,1000000,67.2,6865204,11300,112859,12285267,2043197,0,1.2,741152,29,37,0xe0000,750,91660,0
2026-09-16T22:07:52Z,8821342,0.41,7.9,1800000,67.2,6869048,11300,110499,12276103,1811901,0,1.2,741152,29,37,0xe0000,750,91660,0
2026-09-16T22:07:57Z,8821347,0.38,6.5,1100000,66.7,6870600,11300,113974,12302633,2704628,0,1.6,741152,29,37,0xe0000,750,91660,0
2026-09-16T22:08:02Z,8821352,0.35,7.2,900000,65.7,6869916,11300,111698,12290663,2322857,0,2.1,741152,29,38,0xe0000,750,91660,0
2026-09-16T22:08:08Z,8821357,0.32,6.2,1800000,67.7,6870344,11300,111328,12266919,2416411,0,1.2,741152,29,37,0xe0000,750,91660,0
2026-09-16T22:08:13Z,8821362,0.29,7.4,1800000,67.2,6867848,11300,111000,12305886,2484325,802,2.7,741312,30,38,0xe0000,750,91660,0
2026-09-16T22:08:18Z,8821367,0.27,5.9,1800000,66.7,6870608,11300,109555,12298133,2487785,9553,2.3,741312,29,37,0xe0000,750,91660,0
2026-09-16T22:08:23Z,8821373,0.25,6.2,900000,66.2,6867464,11300,108948,12284703,2757294,0,1.6,741936,29,37,0xe0000,750,91660,0
2026-09-16T22:08:28Z,8821378,0.31,6.7,1800000,66.2,6863460,11300,100129,12278102,2489139,0,1.5,741936,29,37,0xe0000,750,91660,0
2026-09-16T22:08:33Z,8821383,0.28,7.2,1000000,65.7,6859996,11300,102486,12324458,2496896,0,2.2,741936,27,37,0xe0000,750,91660,0
2026-09-16T22:08:38Z,8821388,0.26,6.0,1800000,66.7,6864236,11300,98979,12283954,2243227,0,1.2,741936,27,37,0xe0000,750,91660,0
2026-09-16T22:08:43Z,8821393,0.40,7.3,1000000,65.7,6869840,11300,102249,12316808,1819598,0,1.1,741984,27,37,0xe0000,750,91660,0
2026-09-16T22:08:49Z,8821398,0.37,7.5,1800000,66.2,6865560,11300,101478,12282039,2116611,7951,1.2,742224,27,37,0xe0000,750,91660,0
2026-09-16T22:08:54Z,8821403,0.34,6.3,1200000,66.2,6873024,11300,102143,12312667,2647491,0,1.6,742256,27,38,0xe0000,750,91662,0
2026-09-16T22:08:59Z,8821409,0.39,7.3,700000,65.7,6871612,11300,102539,12285316,2157066,0,1.3,742256,27,37,0xe0000,750,91662,0
2026-09-16T22:09:04Z,8821414,0.36,5.7,1800000,66.7,6871748,11300,103617,12343734,2716985,0,1.6,742592,27,37,0xe0000,752,91662,0
2026-09-16T22:09:09Z,8821419,0.33,5.5,900000,66.2,6872520,11300,101935,12274382,2189044,0,1.3,742592,27,37,0xe0000,752,91662,0
2026-09-16T22:09:14Z,8821424,0.38,8.3,1800000,66.7,6868660,11300,103659,12277204,2344251,0,1.7,742592,27,37,0xe0000,752,91662,0
2026-09-16T22:09:19Z,8821429,0.35,5.5,1100000,66.2,6870228,11300,102683,12324191,2534079,0,1.4,742592,27,37,0xe0000,752,91662,0
2026-09-16T22:09:25Z,8821434,0.65,8.2,1200000,66.7,6870676,11300,105898,12305134,2208836,0,1.0,742592,27,37,0xe0000,752,91662,0
2026-09-16T22:09:30Z,8821439,0.59,8.9,1000000,66.7,6865204,11300,108577,12294179,2288446,0,1.8,742592,27,37,0xe0000,752,91662,0
2026-09-16T22:09:35Z,8821444,0.63,7.6,1000000,66.2,6871432,11300,107240,12303721,2303466,0,1.6,742592,27,37,0xe0000,752,91662,0
2026-09-16T22:09:40Z,8821450,0.58,1.9,1100000,64.8,6870372,11300,7808,814919,180539,0,0.1,742592,27,31,0xe0000,752,91662,0
2026-09-16T22:09:45Z,8821455,0.53,7.8,1800000,66.2,6868116,11300,99602,11721349,2655299,0,1.6,742624,27,37,0xe0000,752,91662,0
2026-09-16T22:09:50Z,8821460,0.49,5.5,900000,66.7,6864636,11300,104662,12301069,2706886,0,1.8,742840,27,37,0xe0000,752,91662,0
2026-09-16T22:09:55Z,8821465,0.45,5.5,1200000,66.7,6869640,11300,106614,12272973,2623618,0,1.0,740424,28,37,0xe0000,753,91662,0
2026-09-16T22:10:01Z,8821470,0.49,8.4,1200000,66.2,6868844,11300,111771,12289172,2496001,0,2.2,740424,28,38,0xe0000,753,91662,0
2026-09-16T22:10:06Z,8821475,0.53,7.2,1800000,66.2,6869964,11300,115126,12260852,1867321,0,1.9,740424,28,37,0xe0000,753,91662,0
2026-09-16T22:10:11Z,8821480,0.49,6.4,1800000,66.2,6871172,11300,112231,12304035,2241438,3217,1.7,740424,29,37,0xe0000,753,91662,0
2026-09-16T22:10:16Z,8821486,0.45,5.2,1000000,66.2,6871700,11300,112620,12289798,1401059,0,0.9,740424,29,37,0xe0000,753,91662,0
2026-09-16T22:10:21Z,8821491,0.50,6.9,1200000,65.7,6873976,11300,115057,12294586,729056,9541,0.6,740424,28,37,0xe0000,753,91662,0
2026-09-16T22:10:26Z,8821496,0.62,7.4,900000,66.2,6872100,11300,110668,12265850,1006462,0,0.6,740424,28,37,0xe0000,753,91662,0
2026-09-16T22:10:31Z,8821501,0.65,8.9,800000,65.2,6865220,11300,116985,12298536,534949,0,0.5,740424,28,37,0xe0000,753,91662,0
2026-09-16T22:10:37Z,8821506,0.69,6.8,1800000,66.2,6869320,11300,112436,12278336,1549097,8725,1.5,740424,28,37,0xe0000,753,91662,0
2026-09-16T22:10:42Z,8821511,0.64,5.8,900000,66.7,6868296,11300,107867,12304955,1119036,0,0.5,740424,28,37,0xe0000,753,91662,0
2026-09-16T22:10:47Z,8821516,0.59,6.4,1800000,66.7,6871276,11300,113114,12269320,1875772,0,0.5,740424,28,37,0xe0000,753,91662,0
2026-09-16T22:10:52Z,8821522,0.54,6.2,1200000,66.2,6870076,11300,106842,12305489,2391160,0,1.7,740424,28,37,0xe0000,753,91662,0
2026-09-16T22:10:57Z,8821527,0.50,7.4,1800000,66.2,6868464,11300,110238,12275458,1826756,0,1.5,740424,28,37,0xe0000,753,91662,0
2026-09-16T22:11:02Z,8821532,0.46,5.2,1800000,65.7,6868780,11300,111775,12281003,2101292,0,1.1,740424,28,37,0xe0000,753,91662,0
2026-09-16T22:11:07Z,8821537,0.50,5.8,1100000,66.2,6870476,11300,113298,12290274,1961174,0,0.9,740424,28,37,0xe0000,753,91662,0
2026-09-16T22:11:12Z,8821542,0.46,7.1,1100000,66.7,6872984,11300,112871,12280827,2225758,0,1.4,740424,28,37,0xe0000,753,91662,0
2026-09-16T22:11:18Z,8821547,0.42,5.4,1800000,65.7,6870644,11300,106027,12291242,2131205,0,1.2,740424,28,37,0xe0000,753,91670,0
2026-09-16T22:11:23Z,8821552,0.47,5.3,1100000,65.7,6869960,11300,112511,12278646,2114928,0,0.9,740424,28,37,0xe0000,753,91672,0
2026-09-16T22:11:28Z,8821558,0.43,7.8,1200000,66.7,6872124,11300,110148,12281716,2061533,0,1.9,740424,28,37,0xe0000,753,91672,0
2026-09-16T22:11:33Z,8821563,0.40,7.1,1000000,65.7,6873860,11300,109717,12304174,2169047,0,1.8,740424,28,37,0xe0000,753,91672,0
2026-09-16T22:11:38Z,8821568,0.45,7.0,1800000,65.7,6871972,11300,111778,12281257,2255422,0,0.8,740424,28,37,0xe0000,753,91672,0
2026-09-16T22:11:43Z,8821573,0.41,6.6,1100000,65.7,6871276,11300,108940,12062080,2112024,0,0.9,740424,29,37,0xe0000,753,91768,0
2026-09-16T22:11:48Z,8821578,0.38,5.8,1800000,66.2,6868096,11300,110215,12280694,1982587,0,1.1,740424,29,37,0xe0000,753,91768,0
2026-09-16T22:11:53Z,8821583,0.43,7.2,900000,65.7,6867824,11300,109349,12311634,2356943,0,1.0,740424,29,37,0xe0000,753,91768,0
2026-09-16T22:11:59Z,8821588,0.39,5.6,1800000,65.2,6870784,11300,109197,12274514,2092171,0,1.0,740424,29,37,0xe0000,753,91768,0
2026-09-16T22:12:04Z,8821593,0.36,6.5,1000000,65.7,6865892,11300,109940,12303255,2053840,0,1.6,740424,29,37,0xe0000,753,91768,0
2026-09-16T22:12:09Z,8821599,0.33,6.6,1800000,66.7,6871012,11300,112966,12267746,1601767,0,1.2,740424,29,37,0xe0000,753,91768,0
2026-09-16T22:12:14Z,8821604,0.30,5.9,1000000,65.7,6871204,11300,111161,12297024,2083490,0,1.6,740424,29,37,0xe0000,753,91768,0
2026-09-16T22:12:19Z,8821609,0.28,6.3,1200000,67.7,6870776,11300,110426,12294339,1729456,794,1.2,740424,30,37,0xe0000,753,91768,0
2026-09-16T22:12:24Z,8821614,0.26,7.1,900000,66.2,6871100,11300,113841,12284715,2121962,10347,1.4,740424,29,37,0xe0000,753,91768,0
2026-09-16T22:12:29Z,8821619,0.24,5.8,1800000,66.7,6870560,11300,111163,12285101,2109386,0,1.2,740468,29,37,0xe0000,753,91768,0
2026-09-16T22:12:35Z,8821624,0.30,7.0,1000000,66.7,6872168,11300,114035,12294045,2189003,0,1.1,740468,29,37,0xe0000,753,91768,0
2026-09-16T22:12:40Z,8821629,0.27,6.9,1800000,66.7,6870344,11300,109340,12287259,2171483,0,1.2,740468,29,37,0xe0000,753,91768,0
2026-09-16T22:12:45Z,8821634,0.25,6.6,1800000,65.2,6869296,11300,109588,12305288,2144494,0,2.0,740468,29,37,0xe0000,753,91768,0
2026-09-16T22:12:50Z,8821640,0.23,5.0,1100000,66.2,6871072,11300,109769,12294443,2062960,0,1.3,740468,29,37,0xe0000,753,91768,0
2026-09-16T22:12:55Z,8821645,0.21,7.2,1800000,66.7,6871460,11300,113632,12297113,2036667,8751,1.9,740468,29,37,0xe0000,753,91768,0
2026-09-16T22:13:00Z,8821650,0.20,5.6,1200000,66.2,6873564,11300,113256,12298984,2297385,0,1.4,740468,29,37,0xe0000,753,91768,0
2026-09-16T22:13:05Z,8821655,0.18,7.3,1200000,66.2,6872728,11300,110259,12282461,1971275,0,1.6,740468,29,37,0xe0000,753,91768,0
2026-09-16T22:13:11Z,8821660,0.16,7.6,900000,65.7,6871500,11300,112016,12287929,2527207,0,1.6,740468,29,37,0xe0000,753,91768,0
2026-09-16T22:13:16Z,8821665,0.15,7.0,1800000,67.2,6873308,11300,112612,12291542,2533864,0,1.6,740468,29,38,0xe0000,753,91768,0
2026-09-16T22:13:21Z,8821670,0.14,5.3,1000000,66.2,6861272,11300,107159,12291993,2007074,0,1.0,740468,29,37,0xe0000,753,91768,0
2026-09-16T22:13:26Z,8821676,0.13,7.8,1000000,65.7,6864520,11300,113133,12275273,1894989,0,1.2,740468,29,37,0xe0000,753,91768,0
2026-09-16T22:13:31Z,8821681,0.12,7.1,1800000,66.7,6866548,11300,112884,12290347,1692148,0,1.1,740468,29,37,0xe0000,753,91768,0
2026-09-16T22:13:36Z,8821686,0.11,5.1,1800000,66.7,6871672,11300,109561,12302506,2171422,0,1.2,740468,29,37,0xe0000,753,91768,0
2026-09-16T22:13:41Z,8821691,0.10,4.9,900000,66.2,6871668,11300,107360,12291500,2086176,0,0.8,740468,29,37,0xe0000,753,91768,0
2026-09-16T22:13:47Z,8821696,0.09,8.3,1800000,65.7,6870204,11300,113562,12275157,2147376,0,1.2,740468,29,37,0xe0000,753,91768,0
2026-09-16T22:13:52Z,8821701,0.22,5.6,1000000,65.7,6872444,11300,110000,12316016,2070732,0,1.7,740468,29,37,0xe0000,753,91768,0
2026-09-16T22:13:57Z,8821706,0.21,5.6,1100000,66.7,6872564,11300,113142,12283105,2267480,0,1.1,740468,29,37,0xe0000,753,91768,0
2026-09-16T22:14:02Z,8821712,0.27,7.5,900000,66.2,6870696,11300,110992,12275761,2279380,0,1.5,740468,29,37,0xe0000,753,91768,0
2026-09-16T22:14:07Z,8821717,0.25,5.7,1200000,65.7,6873116,11300,111258,12300436,2302587,0,1.2,740468,29,37,0xe0000,753,91768,0
2026-09-16T22:14:12Z,8821722,0.23,7.1,1100000,64.8,6872348,11300,112966,12285751,2140322,0,1.5,740468,29,37,0xe0000,753,91768,0
2026-09-16T22:14:17Z,8821727,0.45,8.3,1800000,66.7,6872868,11300,114182,12284423,1882325,0,1.2,740468,29,37,0xe0000,753,91768,0
2026-09-16T22:14:23Z,8821732,0.41,5.9,900000,65.7,6870608,11300,110394,12301778,2248371,801,2.2,740468,30,37,0xe0000,753,91768,0
2026-09-16T22:14:28Z,8821737,0.38,8.1,1200000,65.7,6866900,11300,116701,12291541,2216596,11139,1.2,740468,29,38,0xe0000,753,91768,0
2026-09-16T22:14:33Z,8821742,0.43,7.0,1000000,66.7,6868980,11300,108572,12292792,2563655,0,1.8,740468,29,37,0xe0000,753,91768,0
2026-09-16T22:14:38Z,8821748,0.40,6.7,1800000,67.2,6871724,11300,112100,12283682,2436610,0,1.3,740468,29,37,0xe0000,753,91768,0
2026-09-16T22:14:43Z,8821753,0.36,5.9,1100000,67.2,6874588,11300,112782,12299601,2417555,0,1.3,740468,29,37,0xe0000,753,91768,0
2026-09-16T22:14:48Z,8821758,0.33,7.8,1800000,67.2,6870824,11300,111800,12265639,2239012,0,1.2,740468,29,37,0xe0000,753,91768,0
2026-09-16T22:14:53Z,8821763,0.31,6.3,1200000,65.2,6869668,11300,108822,12301035,2490740,0,1.6,740468,29,37,0xe0000,753,91768,0
2026-09-16T22:14:58Z,8821768,0.36,6.6,1800000,66.2,6869252,11300,112034,12278568,2238931,9565,0.9,740468,29,38,0xe0000,753,91768,0
2026-09-16T22:15:04Z,8821773,0.33,6.3,1000000,65.7,6873164,11300,110877,12304915,2217406,0,1.5,740468,29,37,0xe0000,753,91768,0
2026-09-16T22:15:09Z,8821778,0.31,6.4,1800000,65.7,6870280,11300,110947,12274055,2536840,0,1.3,740468,29,37,0xe0000,753,91768,0
2026-09-16T22:15:14Z,8821783,0.28,6.2,1800000,65.7,6856612,11300,108110,12312097,2039740,0,1.3,740468,29,38,0xe0000,753,91768,0
2026-09-16T22:15:19Z,8821789,0.26,5.4,1100000,66.2,6862468,11300,111102,12258403,2020702,2394,1.2,740468,29,37,0xe0000,753,91768,0
2026-09-16T22:15:24Z,8821794,0.24,6.6,1800000,66.7,6872188,11300,113912,12202620,2540693,0,1.3,740468,29,37,0xe0000,753,91768,0
2026-09-16T22:15:29Z,8821799,0.22,5.2,1100000,66.2,6868980,11300,113025,12288240,2273256,0,1.0,740468,29,37,0xe0000,753,91768,0
2026-09-16T22:15:34Z,8821804,0.28,7.3,1800000,65.2,6874188,11300,109477,12274590,2245373,0,2.2,740468,29,37,0xe0000,753,91768,0
2026-09-16T22:15:40Z,8821809,0.26,5.6,1100000,66.7,6872112,11300,111402,12282512,2196131,0,1.2,740468,29,37,0xe0000,753,91768,0
2026-09-16T22:15:45Z,8821814,0.32,7.1,1100000,66.2,6869452,11300,113077,12222562,2231782,0,1.2,740468,29,38,0xe0000,753,91768,0
2026-09-16T22:15:50Z,8821819,0.29,6.3,1800000,66.2,6870132,11300,112774,12231737,1888697,797,1.5,740468,29,37,0xe0000,753,91776,0
2026-09-16T22:15:55Z,8821825,0.27,8.0,1100000,66.7,6870976,11300,116186,12250327,1628200,0,1.3,740468,29,37,0xe0000,753,91776,0
2026-09-16T22:16:00Z,8821830,0.49,7.6,1800000,65.7,6873540,11300,110057,12253896,2387061,0,1.3,740468,29,37,0xe0000,753,91776,0
2026-09-16T22:16:05Z,8821835,0.45,5.7,1200000,66.7,6860276,11300,112744,12285263,2016847,0,1.3,740468,29,38,0xe0000,753,91776,0
2026-09-16T22:16:10Z,8821840,0.41,5.8,1800000,65.7,6865412,11300,111433,12257838,2072023,0,1.7,740468,29,37,0xe0000,753,91776,0
2026-09-16T22:16:15Z,8821845,0.38,7.4,1800000,66.2,6868284,11300,112269,12302647,2102264,0,1.3,740468,29,37,0xe0000,753,91776,0
2026-09-16T22:16:21Z,8821850,0.35,6.3,1800000,67.2,6870752,11300,111092,12299713,2319604,796,1.3,740468,30,37,0xe0000,753,91776,0
2026-09-16T22:16:26Z,8821855,0.32,6.2,900000,66.7,6874172,11300,110864,12227991,2072488,0,1.2,740468,30,37,0xe0000,753,91776,0
2026-09-16T22:16:31Z,8821860,0.37,7.2,1100000,66.7,6870368,11300,112848,12216164,1973198,11130,1.3,740468,29,37,0xe0000,753,91778,0
2026-09-16T22:16:36Z,8821866,0.34,6.8,1000000,66.2,6871620,11300,110147,12223919,1828198,0,1.2,740468,29,37,0xe0000,753,91780,0
2026-09-16T22:16:41Z,8821871,0.32,5.4,1200000,65.7,6869928,11300,109678,12288868,2193054,0,0.9,740468,29,37,0xe0000,753,91780,0
2026-09-16T22:16:46Z,8821876,0.37,7.7,1800000,65.2,6868696,11300,112009,12278882,2089229,0,1.6,740468,29,37,0xe0000,753,91780,0
2026-09-16T22:16:51Z,8821881,0.34,5.8,1100000,65.7,6868144,11300,111047,12289149,2574157,0,1.9,740468,29,37,0xe0000,753,91780,0
2026-09-16T22:16:57Z,8821886,0.31,8.3,1100000,64.8,6867100,11300,112975,12275300,2213607,9552,1.8,740468,29,37,0xe0000,753,91780,0
2026-09-16T22:17:02Z,8821891,0.45,8.7,1800000,66.2,6863604,11300,110234,12289047,2367538,0,2.0,740468,29,37,0xe0000,753,91780,0
2026-09-16T22:17:07Z,8821896,0.53,5.0,1800000,67.2,6869108,11300,108483,12286234,2205619,0,1.5,740468,29,37,0xe0000,753,91780,0
2026-09-16T22:17:12Z,8821902,0.57,5.2,1100000,66.2,6871724,11300,111197,12306974,2275645,0,1.0,740468,29,37,0xe0000,753,91780,0
2026-09-16T22:17:17Z,8821907,0.53,7.6,1200000,66.2,6869536,11300,110744,12293332,2406865,0,1.5,740468,29,37,0xe0000,753,91780,0
2026-09-16T22:17:22Z,8821912,0.48,7.2,1000000,65.2,6871268,11300,111979,12285333,2066100,0,1.2,740468,29,37,0xe0000,753,91780,0
2026-09-16T22:17:27Z,8821917,0.44,7.3,1800000,66.2,6872160,11300,108795,12264435,2198787,0,1.7,740468,29,37,0xe0000,753,91780,0
2026-09-16T22:17:32Z,8821922,0.41,6.1,1200000,65.7,6872448,11300,114205,12304137,2609214,0,2.3,740468,29,37,0xe0000,753,91780,0
2026-09-16T22:17:38Z,8821927,0.38,7.3,1100000,67.2,6871148,11300,110843,12279419,2095705,0,1.2,740468,29,37,0xe0000,753,91782,0
2026-09-16T22:17:43Z,8821932,0.35,7.5,1800000,66.7,6871000,11300,110907,12291950,1977720,0,1.4,740468,29,37,0xe0000,753,91782,0
2026-09-16T22:17:48Z,8821938,0.32,5.5,1100000,66.2,6870476,11300,106660,12290107,2209943,0,1.1,740468,29,37,0xe0000,753,91782,0
2026-09-16T22:17:53Z,8821943,0.29,7.7,1100000,65.2,6869220,11300,113680,12298869,2175717,0,1.3,740468,29,37,0xe0000,753,91782,0
2026-09-16T22:17:58Z,8821948,0.27,6.1,1800000,65.7,6868632,11300,111145,12269484,2396034,0,1.3,740468,29,37,0xe0000,753,91782,0
2026-09-16T22:18:03Z,8821953,0.33,7.2,1800000,66.7,6867888,11300,113049,12257348,2684045,0,1.6,740468,29,37,0xe0000,753,91782,0
2026-09-16T22:18:08Z,8821958,0.38,6.2,1000000,66.2,6870480,11300,111688,12301886,1892940,0,1.3,740468,29,38,0xe0000,753,91782,0
2026-09-16T22:18:14Z,8821963,0.35,5.6,1800000,66.2,6870368,11300,110517,12289161,2383120,0,1.7,740468,29,38,0xe0000,753,91782,0
2026-09-16T22:18:19Z,8821968,0.40,5.3,1800000,67.2,6869320,11300,111864,12284799,2415307,0,2.1,740468,29,38,0xe0000,753,91782,0
2026-09-16T22:18:24Z,8821973,0.37,4.7,900000,66.2,6870320,11300,107966,12298219,2289903,0,1.3,740468,29,38,0xe0000,753,91782,0
2026-09-16T22:18:29Z,8821979,0.34,6.4,1200000,67.2,6869340,11300,109813,12295367,1970895,794,1.2,742932,30,39,0xe0000,753,91782,0
2026-09-16T22:18:34Z,8821984,0.31,8.3,1800000,65.7,6866404,11300,113597,12266814,1726905,10360,1.1,743436,29,38,0xe0000,753,91782,0
2026-09-16T22:18:39Z,8821989,0.29,5.8,1000000,65.7,6867496,11300,111108,12309085,2347877,2411,1.3,743692,29,38,0xe0000,753,91782,0
2026-09-16T22:18:44Z,8821994,0.26,7.5,1800000,67.2,6867668,11300,111451,12276551,2578556,0,1.7,743692,29,38,0xe0000,753,91782,0
2026-09-16T22:18:49Z,8821999,0.32,5.1,1800000,66.2,6869368,11300,109877,12289232,2138912,0,2.0,743692,29,38,0xe0000,753,91782,0
2026-09-16T22:18:55Z,8822004,0.30,5.7,1000000,66.7,6867204,11300,112988,12291370,2060069,0,0.8,744184,29,38,0xe0000,753,91782,0
2026-09-16T22:19:00Z,8822009,0.27,7.7,900000,65.2,6868632,11300,110915,12292265,2597557,0,1.2,745300,29,38,0xe0000,753,91782,0
2026-09-16T22:19:05Z,8822014,0.25,7.1,900000,66.2,6865828,11300,110011,12286108,2024685,0,1.2,745300,29,39,0xe0000,753,91782,0
2026-09-16T22:19:10Z,8822020,0.31,7.1,1800000,67.2,6861716,11300,113830,12263919,2741870,9548,1.6,745940,29,38,0xe0000,753,91782,0
2026-09-16T22:19:15Z,8822025,0.29,7.1,1800000,65.7,6865652,11300,111607,12314976,2658519,0,2.1,745956,29,38,0xe0000,753,91782,0
2026-09-16T22:19:20Z,8822030,0.34,5.5,1000000,66.2,6867164,11300,107977,12297286,2391133,0,1.8,746412,29,38,0xe0000,753,91782,0
2026-09-16T22:19:25Z,8822035,0.40,7.6,1100000,66.2,6865548,11300,109464,12296393,2784535,0,2.2,746412,29,37,0xe0000,753,91796,0
2026-09-16T22:19:30Z,8822040,0.36,8.1,1800000,65.2,6862476,11300,107662,12295986,1913040,0,1.3,747072,29,37,0xe0000,753,91826,0
2026-09-16T22:19:36Z,8822045,0.42,5.6,1800000,66.7,6866616,11300,110404,12309325,2262053,0,1.6,748428,29,37,0xe0000,753,91828,0
2026-09-16T22:19:41Z,8822050,0.46,6.2,1000000,65.7,6863612,11300,103656,11791256,2302475,0,1.5,749112,29,31,0xe0000,753,91828,0
2026-09-16T22:19:46Z,8822056,0.43,2.1,1800000,65.7,6863608,11300,7569,708056,290985,0,0.5,749112,27,38,0xe0000,753,91828,0
2026-09-16T22:19:51Z,8822061,0.39,5.6,1000000,65.7,6864268,11300,111139,12300687,1528893,0,1.1,749112,28,37,0xe0000,753,91828,0
2026-09-16T22:19:56Z,8822066,0.44,7.6,1000000,65.2,6861560,11300,110137,12286368,1490916,0,1.4,749112,28,37,0xe0000,753,91828,0
2026-09-16T22:20:01Z,8822071,0.40,7.7,900000,66.2,6861348,11300,112545,12314088,1276062,0,1.2,749112,28,38,0xe0000,753,91828,0
2026-09-16T22:20:07Z,8822076,0.45,5.4,1100000,66.7,6860820,11300,112700,12287485,1702107,0,0.9,749112,28,37,0xe0000,753,91828,0
2026-09-16T22:20:12Z,8822081,0.42,6.7,1800000,67.2,6858984,11300,114670,12280702,1532491,0,1.4,749112,26,37,0xe0000,753,91828,0
2026-09-16T22:20:17Z,8822086,0.38,7.3,1000000,66.7,6861904,11300,111492,12319396,1453120,0,0.8,749112,26,37,0xe0000,754,91828,0
2026-09-16T22:20:22Z,8822092,0.43,6.4,1800000,65.2,6861896,11300,111201,12272531,1159160,0,0.5,749112,26,37,0xe0000,754,91828,0
2026-09-16T22:20:27Z,8822097,0.44,7.0,1800000,66.2,6860388,11300,109649,12317697,1225886,2407,0.9,749112,26,37,0xe0000,755,91828,0
2026-09-16T22:20:32Z,8822102,0.40,7.9,900000,66.2,6859548,11300,112072,12286908,1471263,1585,1.1,749112,27,37,0xe0000,756,91828,0
2026-09-16T22:20:37Z,8822107,0.37,8.4,1800000,66.7,6872732,22564,111762,12267312,1864827,11124,1.1,749112,26,37,0xe0000,757,91832,0
2026-09-16T22:20:42Z,8822112,0.42,7.2,1800000,65.7,6865132,22564,111972,12314321,1568525,9628,1.2,749112,26,37,0xe0000,757,91832,0
2026-09-16T22:20:48Z,8822117,0.39,7.0,800000,65.7,6867344,22564,114237,12288516,1666815,0,0.8,749112,26,37,0xe0000,757,91836,0
2026-09-16T22:20:53Z,8822122,0.36,5.7,1100000,65.7,6866996,22564,105660,12305088,1639087,0,1.2,749112,26,37,0xe0000,757,91836,0
2026-09-16T22:20:58Z,8822127,0.33,7.4,1800000,65.2,6864932,22564,108461,12269212,2010547,0,2.2,749112,26,37,0xe0000,757,91836,0
2026-09-16T22:21:03Z,8822133,0.30,6.5,1800000,66.2,6868040,22564,106465,12326882,1995234,0,1.6,749112,26,37,0xe0000,757,91836,0
2026-09-16T22:21:08Z,8822138,0.36,7.4,900000,66.2,6867848,22564,112321,12289419,2620945,798,1.7,749112,26,37,0xe0000,757,91836,0
2026-09-16T22:21:13Z,8822143,0.33,5.2,1100000,65.7,6872720,22564,107264,12297452,1417161,9549,1.2,749112,26,37,0xe0000,757,91836,0
2026-09-16T22:21:18Z,8822148,0.30,9.5,1800000,67.2,6870536,22564,109393,12281265,1754086,7933,1.2,749112,26,37,0xe0000,757,91836,0
2026-09-16T22:21:23Z,8822153,0.28,4.9,1200000,66.7,6870672,22564,108896,12317384,1690298,0,1.0,749112,26,37,0xe0000,757,91836,0
2026-09-16T22:21:29Z,8822158,0.34,7.6,900000,65.7,6870356,22564,109512,12298568,1245574,0,1.0,749112,26,37,0xe0000,757,91836,0
2026-09-16T22:21:34Z,8822163,0.31,8.4,1200000,66.2,6871596,22564,111140,12282858,1867321,0,0.9,749112,26,37,0xe0000,757,91836,0
2026-09-16T22:21:39Z,8822169,0.28,7.6,1800000,66.2,6867316,22564,109249,12269116,2546796,0,2.3,749112,26,37,0xe0000,757,91836,0
2026-09-16T22:21:44Z,8822174,0.26,5.5,1800000,65.7,6869612,22564,110725,12308219,2138767,0,1.9,749112,26,37,0xe0000,757,91836,0
2026-09-16T22:21:49Z,8822179,0.32,6.3,1000000,67.2,6870396,22564,114438,12297145,2349102,0,0.8,749112,26,37,0xe0000,757,91836,0
2026-09-16T22:21:54Z,8822184,0.29,8.4,800000,65.7,6870336,22564,110640,12294409,1943738,0,1.3,749112,26,37,0xe0000,757,91836,0
2026-09-16T22:21:59Z,8822189,0.27,6.0,1200000,67.2,6866512,22564,112795,12289666,2140883,0,1.2,749112,26,37,0xe0000,757,91836,0
2026-09-16T22:22:05Z,8822194,0.41,8.1,1800000,66.2,6869444,22564,112928,12279001,2055189,0,1.3,749112,26,37,0xe0000,757,91836,0
2026-09-16T22:22:10Z,8822199,0.38,6.0,1100000,65.7,6870668,22564,109193,12299926,2354247,0,1.0,749112,26,37,0xe0000,757,91836,0
2026-09-16T22:22:15Z,8822205,0.35,7.7,1200000,65.7,6873072,22564,108805,12286055,2265790,0,1.3,749112,26,37,0xe0000,757,91836,0
2026-09-16T22:22:20Z,8822210,0.40,8.6,1800000,66.2,6911236,22564,111771,12274012,2742580,0,2.0,749112,26,37,0xe0000,757,91836,0
2026-09-16T22:22:25Z,8822215,0.37,5.7,900000,65.2,6910900,22564,110488,12299821,2145088,0,1.2,749112,26,37,0xe0000,757,91836,0
2026-09-16T22:22:30Z,8822220,0.34,8.0,900000,65.2,6909976,22564,114957,12300266,2483157,0,1.6,749112,26,37,0xe0000,757,91836,0
2026-09-16T22:22:35Z,8822225,0.39,5.8,1800000,66.7,6870076,22564,109038,12287291,2127242,793,1.2,749112,27,37,0xe0000,757,91836,0
2026-09-16T22:22:41Z,8822230,0.36,5.3,1100000,65.7,6872080,22564,110867,12284629,2157979,11156,1.1,749112,26,37,0xe0000,757,91836,0
2026-09-16T22:22:46Z,8822235,0.33,7.8,1100000,65.7,6869512,22564,108442,12286008,2526414,0,1.3,749112,26,37,0xe0000,757,91836,0
2026-09-16T22:22:51Z,8822241,0.30,8.8,1100000,66.2,6864924,22564,108977,12300589,2542790,0,1.8,749112,26,37,0xe0000,757,91836,0
2026-09-16T22:22:56Z,8822246,0.28,8.4,1100000,66.7,6869276,22308,111230,12304179,2095271,0,1.3,749112,26,37,0xe0000,757,91836,0
2026-09-16T22:23:01Z,8822251,0.26,7.0,1800000,66.7,6871068,22308,113348,12262941,2112817,0,1.6,749112,26,37,0xe0000,757,91836,0
2026-09-16T22:23:06Z,8822256,0.24,6.6,1100000,65.2,6871992,22308,109550,12305822,2527036,9639,1.4,749112,26,37,0xe0000,757,91836,0
2026-09-16T22:23:11Z,8822261,0.22,7.1,1800000,66.2,6871084,22308,113526,12277204,2736736,0,1.7,749112,26,37,0xe0000,757,91836,0
2026-09-16T22:23:17Z,8822266,0.20,6.6,1800000,66.2,6873992,22308,110774,12311568,2214271,0,1.8,749112,26,37,0xe0000,757,91836,0
2026-09-16T22:23:22Z,8822271,0.18,5.5,1800000,65.7,6861156,22308,111101,12299681,1793482,0,0.9,749112,26,38,0xe0000,757,91836,0
2026-09-16T22:23:27Z,8822277,0.17,6.8,1100000,66.2,6864528,22308,113862,12293960,2271259,0,1.6,749112,26,37,0xe0000,757,91836,0
2026-09-16T22:23:32Z,8822282,0.15,6.4,1800000,67.2,6867648,22308,108443,12280520,2224098,0,1.6,749112,26,37,0xe0000,757,91836,0
2026-09-16T22:23:37Z,8822287,0.14,6.5,1800000,66.2,6854404,22308,112493,12297505,2923708,0,2.0,749112,26,37,0xe0000,757,91836,0
2026-09-16T22:23:42Z,8822292,0.41,5.7,1800000,66.2,6852444,22308,109147,12316571,2578425,0,1.0,749112,26,37,0xe0000,757,91836,0
2026-09-16T22:23:47Z,8822297,0.38,5.2,1200000,66.7,6854972,22308,108602,12281003,2612217,0,1.6,749112,26,37,0xe0000,757,91836,0
2026-09-16T22:23:52Z,8822302,0.35,6.1,1800000,66.7,6857956,22308,108974,12267778,2807062,0,1.6,749112,26,37,0xe0000,757,91836,0
2026-09-16T22:23:58Z,8822307,0.32,7.0,1800000,65.7,6853876,22308,114087,12289036,2751567,0,1.7,749112,26,37,0xe0000,757,91836,0
2026-09-16T22:24:03Z,8822312,0.30,6.5,1200000,66.2,6864472,22308,108643,12311329,2903459,0,2.1,749112,26,37,0xe0000,757,91836,0
2026-09-16T22:24:08Z,8822317,0.27,7.8,1800000,65.2,6864708,22308,111574,12280300,2676926,0,1.7,749112,26,37,0xe0000,757,91836,0
2026-09-16T22:24:13Z,8822323,0.25,5.3,1000000,66.7,6861756,22308,110094,12288487,2974019,0,1.6,749112,26,37,0xe0000,757,91836,0
2026-09-16T22:24:18Z,8822328,0.39,5.9,1800000,66.2,6864104,22308,109114,12288958,1996431,0,1.1,749112,26,37,0xe0000,757,91836,0
2026-09-16T22:24:23Z,8822333,0.44,5.5,1000000,66.2,6863156,22308,108533,12288200,1816179,0,1.6,749112,26,37,0xe0000,757,91836,0
2026-09-16T22:24:28Z,8822338,0.48,8.6,1000000,65.7,6861640,22308,110449,12279289,1816934,0,1.6,749112,26,37,0xe0000,757,91836,0
2026-09-16T22:24:34Z,8822343,0.45,6.2,1000000,65.7,6862388,22308,111005,12293378,1726347,797,1.2,749112,27,37,0xe0000,757,91836,0
2026-09-16T22:24:39Z,8822348,0.41,7.3,1800000,65.7,6860824,22308,111212,12293006,1945830,11114,1.6,749112,27,37,0xe0000,757,91836,0
2026-09-16T22:24:44Z,8822353,0.54,6.0,1100000,65.7,6863924,22308,108630,12274493,1831310,0,0.9,749112,26,37,0xe0000,757,91836,0
2026-09-16T22:24:49Z,8822359,0.49,5.4,1800000,66.7,6862020,22308,109879,12282982,1791752,0,1.0,749112,26,37,0xe0000,757,91836,0
2026-09-16T22:24:54Z,8822364,0.45,5.4,1100000,66.2,6862720,22308,113688,12297353,1733773,0,0.6,749112,26,37,0xe0000,757,91836,0
2026-09-16T22:24:59Z,8822369,0.50,7.6,1800000,65.2,6864620,22308,113498,12266561,1805470,0,1.0,749112,26,37,0xe0000,757,91836,0
2026-09-16T22:25:04Z,8822374,0.46,6.3,1100000,66.2,6863500,22308,112902,12309722,1332726,0,1.0,749112,26,37,0xe0000,757,91836,0
2026-09-16T22:25:10Z,8822379,0.42,7.6,1800000,66.7,6863884,22308,109483,12266907,1298756,9538,1.1,749112,26,37,0xe0000,757,91836,0
2026-09-16T22:25:15Z,8822384,0.47,5.3,1100000,65.7,6864152,22308,113425,12308840,1466980,0,0.8,749112,26,37,0xe0000,757,91836,0
2026-09-16T22:25:20Z,8822389,0.43,7.5,1200000,65.2,6864896,22308,109940,12280697,1598247,0,1.7,749112,26,37,0xe0000,757,91836,0
2026-09-16T22:25:25Z,8822395,0.39,8.1,1000000,66.7,6864520,22308,113647,12285924,1564272,0,1.0,749112,26,37,0xe0000,757,91836,0
2026-09-16T22:25:30Z,8822400,0.52,7.6,1800000,66.7,6864168,22308,108840,12265123,1514802,0,1.7,749112,26,37,0xe0000,757,91836,0
2026-09-16T22:25:35Z,8822405,0.48,6.4,1000000,66.7,6862568,22308,113128,12309744,1472537,0,0.9,749112,26,37,0xe0000,757,91836,0
2026-09-16T22:25:40Z,8822410,0.52,5.8,1800000,67.2,6863896,22308,110613,12287236,1552861,2384,1.2,749112,26,37,0xe0000,757,91836,0
2026-09-16T22:25:45Z,8822415,0.48,5.1,1000000,65.2,6864296,22308,109544,12285878,1449182,0,1.5,749112,26,37,0xe0000,757,91836,0
2026-09-16T22:25:51Z,8822420,0.44,6.6,1800000,65.2,6863540,22308,109391,12286332,1193579,0,1.2,749112,26,38,0xe0000,757,91836,0
2026-09-16T22:25:56Z,8822425,0.41,5.8,1100000,66.7,6862444,22308,112621,12298610,1679028,0,1.1,749112,26,37,0xe0000,757,91836,0
2026-09-16T22:26:01Z,8822431,0.37,7.9,1800000,66.7,6865196,22308,111137,12272064,1376695,0,0.9,749112,26,37,0xe0000,757,91836,0
2026-09-16T22:26:06Z,8822436,0.34,6.1,1000000,66.7,6863024,22308,110854,12297601,1128592,0,0.7,749112,26,37,0xe0000,757,91836,0
2026-09-16T22:26:11Z,8822441,0.32,7.1,1800000,65.7,6862136,22308,110952,12270708,1291085,795,0.9,749112,26,37,0xe0000,757,91836,0
2026-09-16T22:26:16Z,8822446,0.29,6.2,1200000,66.2,6862352,22308,114830,12313662,1211342,0,0.6,749112,26,37,0xe0000,757,91836,0
2026-09-16T22:26:21Z,8822451,0.27,7.4,1800000,66.7,6854484,22308,112546,12269201,1426781,0,0.7,749112,26,37,0xe0000,757,91836,0
2026-09-16T22:26:27Z,8822456,0.25,5.8,900000,65.7,6855740,22308,110283,12303613,985863,0,0.5,749112,26,37,0xe0000,757,91836,0
2026-09-16T22:26:32Z,8822461,0.23,5.6,1800000,65.7,6861060,22308,111899,12282017,1098428,0,0.9,749112,26,37,0xe0000,757,91836,0
2026-09-16T22:26:37Z,8822467,0.21,6.7,1200000,65.7,6857588,22308,110254,12304941,1075455,797,1.2,749112,27,37,0xe0000,757,91836,0
2026-09-16T22:26:42Z,8822472,0.19,5.9,1800000,66.2,6852924,22308,109337,12283055,1226974,11147,0.5,749112,26,37,0xe0000,757,91836,0
2026-09-16T22:26:47Z,8822477,0.17,5.2,900000,66.7,6855808,22308,111276,12302154,687555,0,0.5,749112,26,37,0xe0000,757,91836,0
2026-09-16T22:26:52Z,8822482,0.22,6.8,1800000,65.7,6860524,22308,111264,12270672,901288,0,0.7,749112,26,37,0xe0000,757,91836,0
2026-09-16T22:26:57Z,8822487,0.28,6.3,900000,65.7,6861708,22308,111872,12305656,945721,0,0.5,749112,26,37,0xe0000,757,91836,0
2026-09-16T22:27:03Z,8822492,0.26,5.6,1100000,66.7,6861204,22308,112104,12266840,979710,0,1.0,749112,26,37,0xe0000,757,91836,0
2026-09-16T22:27:08Z,8822497,0.32,7.9,1800000,66.7,6851720,22308,112378,12294401,757498,0,0.7,749112,26,37,0xe0000,757,91836,0
2026-09-16T22:27:13Z,8822503,0.29,6.4,1000000,66.2,6850880,22308,112638,12267427,884765,9556,0.7,749112,26,37,0xe0000,757,91836,0
2026-09-16T22:27:18Z,8822508,0.27,7.0,1800000,65.2,6855972,22308,109840,12300440,670783,0,0.4,749112,26,37,0xe0000,757,91836,0
2026-09-16T22:27:23Z,8822513,0.33,5.0,1000000,67.2,6858496,22308,113253,12280408,713127,0,0.4,749112,26,37,0xe0000,757,91836,0
2026-09-16T22:27:28Z,8822518,0.30,8.0,900000,66.7,6861944,22308,112719,12273905,905262,0,0.7,749112,26,37,0xe0000,757,91836,0
2026-09-16T22:27:33Z,8822523,0.28,7.5,1100000,64.8,6860892,22308,108751,12298317,709438,0,0.3,749112,26,37,0xe0000,757,91836,0
2026-09-16T22:27:39Z,8822528,0.34,7.9,1200000,65.2,6865476,22308,112349,12300184,742534,0,0.5,749112,26,37,0xe0000,757,91836,0
2026-09-16T22:27:44Z,8822533,0.31,6.9,1800000,66.2,6860948,22308,109671,12260726,778341,0,0.7,749112,26,37,0xe0000,757,91836,0
2026-09-16T22:27:49Z,8822538,0.28,6.9,1100000,66.7,6863648,22308,110759,12303072,877873,0,0.5,749112,26,37,0xe0000,757,91836,0
2026-09-16T22:27:54Z,8822544,0.34,6.0,1800000,65.7,6863264,22308,109157,12279733,769346,0,0.8,749112,26,37,0xe0000,757,91836,0
2026-09-16T22:27:59Z,8822549,0.31,6.9,1800000,65.7,6861508,22308,110715,12305632,581906,0,0.5,749112,26,37,0xe0000,757,91836,0
2026-09-16T22:28:04Z,8822554,0.37,5.6,1800000,66.2,6860772,22308,110232,12296225,633183,0,0.4,749112,26,37,0xe0000,757,91836,0
2026-09-16T22:28:09Z,8822559,0.50,5.5,900000,66.2,6863588,22308,111142,12274505,691943,0,0.2,749112,26,37,0xe0000,757,91836,0
2026-09-16T22:28:15Z,8822564,0.46,6.7,1100000,66.2,6861828,22308,113393,12293697,544859,0,0.3,749112,26,37,0xe0000,757,91836,0
2026-09-16T22:28:20Z,8822569,0.42,7.5,900000,65.2,6863288,22308,110623,12288054,412769,0,0.6,749112,26,37,0xe0000,757,91836,0
2026-09-16T22:28:25Z,8822574,0.47,8.0,1000000,66.7,6862212,22308,110393,12284538,462419,0,0.5,749112,26,37,0xe0000,757,91836,0
2026-09-16T22:28:30Z,8822580,0.51,6.8,1200000,66.7,6861844,22308,108774,12288201,390510,0,0.2,749112,26,37,0xe0000,757,91836,0
2026-09-16T22:28:35Z,8822585,0.55,8.0,1100000,65.7,6860092,22308,111243,12294732,541600,0,0.5,749112,26,37,0xe0000,757,91836,0
2026-09-16T22:28:40Z,8822590,0.59,6.6,1800000,66.2,6860348,22308,112394,12277462,417576,794,0.0,749112,27,37,0xe0000,757,91836,0
2026-09-16T22:28:45Z,8822595,0.54,6.5,1800000,67.7,6859044,22308,111180,12309278,519149,9540,0.5,749112,26,37,0xe0000,757,91836,0
2026-09-16T22:28:51Z,8822600,0.66,5.8,1000000,65.7,6860136,22308,109022,12295909,608393,0,0.3,749112,26,37,0xe0000,757,91836,0
2026-09-16T22:28:56Z,8822605,0.60,4.9,1200000,66.7,6861216,22308,111406,12295774,501345,0,0.6,749112,26,37,0xe0000,757,91836,0
2026-09-16T22:29:01Z,8822611,0.56,7.6,1800000,64.8,6860396,22308,112374,12297928,390759,0,0.5,749112,26,37,0xe0000,757,91836,0
2026-09-16T22:29:06Z,8822616,0.59,4.7,1000000,66.2,6860128,22308,108204,12275674,465777,0,0.0,749112,26,37,0xe0000,757,91836,0
2026-09-16T22:29:11Z,8822621,0.54,7.3,1800000,65.2,6860148,22308,110537,12250311,523377,7954,0.6,749112,26,37,0xe0000,757,91836,0
2026-09-16T22:29:16Z,8822626,0.50,5.3,1800000,66.2,6859088,22308,108765,12316238,740582,0,0.5,749112,26,37,0xe0000,757,91836,0
2026-09-16T22:29:21Z,8822631,0.70,6.6,900000,64.8,6860216,22308,111685,12287438,758373,0,0.6,749112,26,37,0xe0000,757,91836,0
2026-09-16T22:29:27Z,8822636,0.64,6.1,1800000,66.7,6861736,22308,111441,12281032,641770,0,0.9,749112,26,37,0xe0000,757,91836,0
2026-09-16T22:29:32Z,8822641,0.59,6.4,1800000,66.2,6859100,22308,111332,12280626,660142,0,0.2,749112,26,37,0xe0000,757,91836,0
2026-09-16T22:29:37Z,8822646,0.54,5.5,1200000,65.7,6861568,22308,110975,12294890,589343,0,0.5,749112,26,37,0xe0000,757,91836,0
2026-09-16T22:29:42Z,8822652,0.50,8.2,800000,66.2,6861448,22308,116140,12288721,624481,0,0.7,749112,26,38,0xe0000,757,91836,0
2026-09-16T22:29:47Z,8822657,0.46,6.1,700000,65.7,6860412,22308,89012,9646027,527638,0,0.5,749112,26,32,0xe0000,757,91836,0
2026-09-16T22:29:52Z,8822662,0.50,4.9,1100000,64.8,6858540,22308,26080,2883674,0,0,0.0,749112,26,39,0xe0000,757,91836,0
2026-09-16T22:29:57Z,8822667,0.46,7.6,1100000,66.7,6860428,22308,100033,12297460,201355,0,0.2,749112,26,38,0xe0000,757,91836,0
2026-09-16T22:30:03Z,8822672,0.55,7.0,1100000,65.7,6859384,22308,107747,12296473,240062,0,0.2,749112,26,38,0xe0000,757,91836,0
2026-09-16T22:30:08Z,8822677,0.50,7.3,1800000,65.2,6856140,22308,111936,12288101,165810,0,0.1,749112,26,38,0xe0000,757,91838,0
2026-09-16T22:30:13Z,8822682,0.46,5.8,1000000,65.2,6857848,22308,111086,12308358,122607,796,0.2,749112,27,38,0xe0000,758,91838,0
2026-09-16T22:30:18Z,8822688,0.50,7.3,1800000,66.2,6857996,22308,110132,12309559,81125,10339,0.2,749112,26,38,0xe0000,758,91838,0
2026-09-16T22:30:23Z,8822693,0.46,6.2,1000000,65.2,6856384,22308,111827,12289949,152976,0,0.2,749112,26,38,0xe0000,758,91838,0
2026-09-16T22:30:28Z,8822698,0.51,7.3,1000000,66.2,6859124,22308,112484,12289124,368159,0,0.2,749112,26,38,0xe0000,760,91842,0
2026-09-16T22:30:33Z,8822703,0.87,6.5,1800000,65.2,6854060,22308,107794,12286653,212093,0,0.2,749112,26,38,0xe0000,762,91842,0
2026-09-16T22:30:38Z,8822708,0.80,6.1,1100000,65.2,6855796,22308,109592,12305698,451055,0,0.2,749112,26,39,0xe0000,763,91842,0
2026-09-16T22:30:44Z,8822713,0.73,6.2,1800000,65.7,6854152,22308,111686,12290724,269039,796,0.1,749112,27,38,0xe0000,764,91848,0
2026-09-16T22:30:49Z,8822718,0.67,5.6,1000000,65.2,6855144,22308,112760,12304817,355012,11940,0.2,749112,26,38,0xe0000,765,91848,0
2026-09-16T22:30:54Z,8822724,0.62,7.5,1800000,66.2,6854232,22308,112565,12264656,220217,11130,0.2,749112,26,38,0xe0000,766,91848,0
2026-09-16T22:30:59Z,8822729,0.57,6.2,1000000,65.7,6856576,22308,111170,12298080,245270,0,0.2,749112,26,38,0xe0000,767,91848,0
2026-09-16T22:31:04Z,8822734,0.52,7.8,1000000,65.7,6851360,22308,112310,12301142,183964,0,0.1,749112,26,38,0xe0000,767,91848,0
2026-09-16T22:31:09Z,8822739,0.48,7.6,1000000,65.7,6851764,22308,111116,12293237,344835,0,0.1,749112,26,37,0xe0000,767,91850,0
2026-09-16T22:31:14Z,8822744,0.44,7.5,1100000,65.2,6851504,22308,110588,12311481,349385,0,0.2,749112,26,37,0xe0000,767,91852,0
2026-09-16T22:31:20Z,8822749,0.41,5.0,1800000,65.7,6854328,22308,111309,12291825,423190,0,0.2,749112,26,37,0xe0000,768,91854,0
2026-09-16T22:31:25Z,8822754,0.37,6.4,1000000,65.7,6855852,22308,110578,12301549,336411,0,0.2,749112,24,37,0xe0000,768,91854,0
2026-09-16T22:31:30Z,8822760,0.34,7.1,1000000,65.2,6856640,22308,109700,12293539,346751,0,0.2,749112,24,37,0xe0000,768,91856,0
2026-09-16T22:31:35Z,8822765,0.48,7.1,900000,64.8,6857312,22308,107663,12303003,304312,0,0.3,749112,24,37,0xe0000,768,91890,0
2026-09-16T22:31:40Z,8822770,0.44,6.6,1000000,65.2,6857504,22308,104694,12293208,295731,0,0.2,749112,24,37,0xe0000,768,91898,0
2026-09-16T22:31:45Z,8822775,0.40,6.0,1800000,65.2,6858024,22308,105416,12281886,296909,0,0.1,749112,24,37,0xe0000,768,91898,0
2026-09-16T22:31:50Z,8822780,0.37,6.4,1800000,65.7,6856056,22308,109018,12316736,264547,0,0.2,749112,24,37,0xe0000,768,91898,0
2026-09-16T22:31:56Z,8822785,0.34,6.2,1800000,65.7,6857576,22308,108180,12302195,408029,0,0.2,749112,24,37,0xe0000,768,91898,0
2026-09-16T22:32:01Z,8822790,0.31,5.7,1000000,65.2,6861404,22308,106280,12287520,188647,0,0.2,749112,24,37,0xe0000,768,91902,0
2026-09-16T22:32:06Z,8822796,0.37,7.3,900000,64.8,6860124,22308,109059,12147432,183858,0,0.2,749112,24,37,0xe0000,768,91918,0
2026-09-16T22:32:11Z,8822801,0.34,5.0,1200000,65.2,6860332,22308,107235,12303695,183552,0,0.2,749112,24,37,0xe0000,768,91918,0
2026-09-16T22:32:16Z,8822806,0.31,5.4,800000,66.2,6862036,22308,105050,12265349,166121,0,0.2,749112,24,37,0xe0000,768,91918,0
2026-09-16T22:32:21Z,8822811,0.29,7.2,1800000,66.2,6862828,22308,107736,12300162,213692,0,0.1,749112,24,37,0xe0000,768,91918,0
2026-09-16T22:32:26Z,8822816,0.50,5.5,1800000,65.2,6863052,22308,111489,12322748,574579,0,0.5,749112,24,37,0xe0000,768,91918,0
2026-09-16T22:32:32Z,8822821,0.62,6.6,1000000,66.2,6862928,22308,110664,12296100,315806,0,0.2,749112,24,37,0xe0000,768,91918,0
2026-09-16T22:32:37Z,8822826,0.65,7.1,1800000,65.7,6846252,22308,108442,12292679,218550,0,0.2,749112,24,37,0xe0000,768,91918,0
2026-09-16T22:32:42Z,8822832,0.60,5.7,1000000,65.2,6848692,22308,105523,12305781,521986,797,0.3,749112,25,37,0xe0000,768,91918,0
2026-09-16T22:32:47Z,8822837,0.71,7.0,1200000,66.2,6847340,22308,110021,12276659,214508,9534,0.2,749112,26,37,0xe0000,768,91918,0
2026-09-16T22:32:52Z,8822842,0.66,7.5,1800000,65.7,6847132,22308,111131,12282806,154515,0,0.0,749112,25,37,0xe0000,768,91918,0
2026-09-16T22:32:57Z,8822847,0.60,5.2,1200000,65.7,6848788,22308,108481,12315509,251638,0,0.2,749112,25,37,0xe0000,768,91918,0
2026-09-16T22:33:02Z,8822852,0.64,8.6,1800000,66.2,6850128,22308,108122,12285262,326634,0,0.4,749112,25,37,0xe0000,768,91918,0
2026-09-16T22:33:07Z,8822857,0.58,5.5,1000000,66.2,6853400,22308,105533,12305306,184079,0,0.1,749112,25,37,0xe0000,768,91918,0
2026-09-16T22:33:13Z,8822862,0.65,7.5,1800000,65.7,6852420,22308,104471,12294329,292603,0,0.2,749112,25,37,0xe0000,768,91918,0
2026-09-16T22:33:18Z,8822867,0.60,4.9,1200000,64.8,6853620,22308,105577,12300702,266763,7987,0.1,749112,25,37,0xe0000,768,91918,0
2026-09-16T22:33:23Z,8822873,0.55,7.2,1800000,67.2,6855584,22308,107459,12273747,221511,0,0.3,749112,25,39,0xe0000,768,91918,0
2026-09-16T22:33:28Z,8822878,0.50,5.7,800000,65.7,6856304,22308,108480,12313936,193669,0,0.0,749112,25,37,0xe0000,768,91918,0
2026-09-16T22:33:33Z,8822883,0.46,6.0,1100000,65.2,6853688,22308,108756,12294708,376892,0,0.2,749112,25,37,0xe0000,768,91918,0
2026-09-16T22:33:38Z,8822888,0.59,7.0,900000,65.7,6853136,22308,106867,12297862,217551,0,0.1,749112,25,37,0xe0000,768,91918,0
2026-09-16T22:33:43Z,8822893,0.54,7.2,800000,64.8,6854704,22308,105317,12291109,245491,0,0.1,749112,25,37,0xe0000,768,91918,0
2026-09-16T22:33:49Z,8822898,0.50,5.5,1100000,65.7,6854880,22308,107710,12302203,136146,0,0.2,749112,25,37,0xe0000,768,91918,0
2026-09-16T22:33:54Z,8822903,0.46,6.8,1800000,65.2,6855368,22308,107987,12277901,399773,0,0.3,749112,25,37,0xe0000,768,91918,0
2026-09-16T22:33:59Z,8822909,0.50,5.6,900000,64.8,6857152,22308,108534,12306968,277196,0,0.1,749112,25,37,0xe0000,768,91918,0
2026-09-16T22:34:04Z,8822914,0.62,8.3,1100000,65.2,6858436,22308,111490,12302553,282549,0,0.4,749112,25,37,0xe0000,768,91918,0
2026-09-16T22:34:09Z,8822919,0.57,5.1,1800000,65.2,6859512,22308,108056,12282701,191583,0,0.2,749112,25,37,0xe0000,768,91918,0
2026-09-16T22:34:14Z,8822924,0.52,5.5,1100000,65.2,6861528,22308,107267,12318250,310320,0,0.3,749112,25,37,0xe0000,768,91918,0
2026-09-16T22:34:19Z,8822929,0.48,7.4,1800000,65.7,6860448,22308,107346,12294351,234597,0,0.1,749112,25,37,0xe0000,768,91918,0
2026-09-16T22:34:25Z,8822934,0.44,5.4,1000000,64.3,6862620,22308,109185,12282898,102862,0,0.0,749112,25,37,0xe0000,769,91918,0
2026-09-16T22:34:30Z,8822939,0.41,7.4,1800000,66.2,6859812,22308,107581,12297639,212328,0,0.4,749112,24,37,0xe0000,769,91918,0
2026-09-16T22:34:35Z,8822945,0.37,5.7,1800000,65.2,6858984,22308,107255,12313342,164919,0,0.2,749112,24,37,0xe0000,769,91918,0
2026-09-16T22:34:40Z,8822950,0.50,5.9,900000,66.2,6859224,22308,108313,12292653,91029,0,0.2,749112,24,37,0xe0000,769,91918,0
2026-09-16T22:34:45Z,8822955,0.54,6.2,1800000,66.7,6859488,22308,107423,12277492,81077,0,0.1,749112,24,37,0xe0000,769,91918,0
2026-09-16T22:34:50Z,8822960,0.50,6.9,1000000,65.2,6858748,22308,108682,12327332,128417,803,0.3,749112,25,37,0xe0000,769,91918,0
2026-09-16T22:34:55Z,8822965,0.46,6.2,1800000,65.7,6857268,22308,108380,12268004,153398,10333,0.2,749112,24,38,0xe0000,769,91918,0
2026-09-16T22:35:01Z,8822970,0.42,6.1,1800000,65.7,6857916,22308,105601,12328170,293478,0,0.2,749112,25,37,0xe0000,769,91918,0
2026-09-16T22:35:06Z,8822975,0.47,5.2,1000000,65.7,6856196,22308,105627,12286009,82914,0,0.1,749112,23,37,0xe0000,769,91918,0
2026-09-16T22:35:11Z,8822980,0.51,8.0,1200000,65.7,6858524,22308,107976,12291025,234538,0,0.3,749112,24,37,0xe0000,769,91918,0
2026-09-16T22:35:16Z,8822986,0.47,7.2,1800000,65.7,6860676,22308,112167,12280438,201466,0,0.3,749112,24,37,0xe0000,771,91918,0
2026-09-16T22:35:21Z,8822991,0.43,6.8,1800000,65.7,6860904,22308,108216,12322590,274249,8847,0.2,749112,24,37,0xe0000,771,91918,0
2026-09-16T22:35:26Z,8822996,0.48,5.2,1000000,65.7,6865704,22308,106855,12300555,143902,0,0.0,749112,24,37,0xe0000,771,91918,0
2026-09-16T22:35:31Z,8823001,0.44,7.7,1200000,65.7,6862180,22308,108396,12299992,339347,0,0.2,749112,24,37,0xe0000,771,91918,0
2026-09-16T22:35:36Z,8823006,0.40,5.4,1800000,66.2,6859832,22308,107476,12266647,33458,0,0.2,749112,24,37,0xe0000,772,91918,0
2026-09-16T22:35:42Z,8823011,0.45,6.6,1100000,65.7,6864868,22308,108217,12305405,241790,0,0.1,749112,23,37,0xe0000,774,91918,0
2026-09-16T22:35:47Z,8823016,0.50,6.4,1800000,65.7,6860956,22308,107215,12283345,304189,0,0.2,749112,23,37,0xe0000,774,91918,0
2026-09-16T22:35:52Z,8823022,0.46,6.7,1100000,65.2,6857900,22308,106772,12311248,268346,0,0.3,749112,24,37,0xe0000,776,91918,0
2026-09-16T22:35:57Z,8823027,0.50,5.6,1800000,65.2,6858572,22308,109245,12265147,188402,2385,0.1,749112,23,37,0xe0000,777,91918,0
2026-09-16T22:36:02Z,8823032,0.46,7.1,1800000,66.7,6851532,22308,106590,12285736,202083,802,0.2,749112,24,37,0xe0000,778,91918,0
2026-09-16T22:36:07Z,8823037,0.42,6.0,1000000,65.7,6857308,22308,106215,12330396,181540,0,0.2,749112,24,37,0xe0000,779,91918,0
2026-09-16T22:36:12Z,8823042,0.39,6.6,1800000,64.8,6857584,22308,107647,12249900,244951,0,0.2,749112,24,37,0xe0000,781,91918,0
2026-09-16T22:36:17Z,8823047,0.36,6.7,1800000,65.7,6851572,22308,108677,12295403,104541,0,0.0,749112,24,37,0xe0000,782,91920,0
2026-09-16T22:36:23Z,8823052,0.33,7.5,1800000,66.2,6847192,22308,112945,12290025,267520,0,0.2,749112,22,37,0xe0000,784,91920,0
2026-09-16T22:36:28Z,8823057,0.30,6.4,1800000,65.7,6849620,22308,110518,12300388,114927,0,0.2,749112,24,37,0xe0000,784,91920,0
2026-09-16T22:36:33Z,8823062,0.48,6.9,1800000,65.7,6849680,22308,107851,12300327,140434,0,0.2,749112,24,37,0xe0000,785,91920,0
2026-09-16T22:36:38Z,8823068,0.44,7.9,1100000,65.2,6846200,22308,113181,12319782,216971,0,0.3,749112,24,37,0xe0000,786,91920,0
2026-09-16T22:36:43Z,8823073,0.41,7.9,900000,64.3,6850144,22308,108074,12292571,324084,794,0.2,749112,24,37,0xe0000,786,91920,0
2026-09-16T22:36:48Z,8823078,0.38,4.9,1800000,65.7,6849612,22308,110449,12303464,167974,9553,0.2,749112,23,37,0xe0000,787,91922,0
2026-09-16T22:36:53Z,8823083,0.35,5.4,900000,66.7,6848976,22308,106756,12298338,179593,5563,0.2,749112,25,37,0xe0000,788,91922,0
2026-09-16T22:36:58Z,8823088,0.40,5.3,1800000,65.7,6847128,22308,107606,12301294,62033,10339,0.2,749112,24,37,0xe0000,789,91922,0
2026-09-16T22:37:04Z,8823093,0.37,5.6,900000,65.2,6848364,22308,107909,12299689,56566,0,0.0,749112,23,37,0xe0000,790,91924,0
2026-09-16T22:37:09Z,8823098,0.34,7.5,1800000,65.2,6848292,22308,108176,12291701,154938,0,0.1,749112,24,37,0xe0000,790,91924,0
2026-09-16T22:37:14Z,8823104,0.31,5.8,1000000,66.2,6851868,22308,106627,12309309,212963,0,0.1,749112,24,37,0xe0000,791,91924,0
2026-09-16T22:37:19Z,8823109,0.28,7.5,1800000,64.3,6857684,22308,108463,12277468,91403,0,0.2,749112,24,37,0xe0000,792,91926,0
2026-09-16T22:37:24Z,8823114,0.26,5.3,1800000,65.2,6857824,22308,109743,12318784,300693,0,0.3,749112,24,37,0xe0000,792,91926,0
2026-09-16T22:37:29Z,8823119,0.24,5.1,1000000,66.2,6857360,22308,107117,12293034,172374,8778,0.2,749112,24,37,0xe0000,794,91928,0
2026-09-16T22:37:34Z,8823124,0.30,7.8,1800000,65.2,6858848,22308,111874,12303400,217002,0,0.2,749112,24,37,0xe0000,794,91928,0
2026-09-16T22:37:40Z,8823129,0.28,5.5,1100000,65.2,6858140,22308,110743,12296779,118597,0,0.2,749112,24,37,0xe0000,794,91928,0
2026-09-16T22:37:45Z,8823134,0.25,8.0,1100000,64.8,6855500,22308,112189,12282502,162139,0,0.0,749112,24,37,0xe0000,795,91928,0
2026-09-16T22:37:50Z,8823140,0.31,8.1,1800000,65.7,6855024,22308,110331,12284112,258978,0,0.0,749112,24,37,0xe0000,795,91928,0
2026-09-16T22:37:55Z,8823145,0.29,5.4,1100000,66.2,6854948,22308,110473,12307919,167134,0,0.2,749112,24,37,0xe0000,797,91928,0
2026-09-16T22:38:00Z,8823150,0.27,7.0,1800000,64.8,6855028,22308,109014,12308663,219276,0,0.2,749112,25,37,0xe0000,798,91928,0
2026-09-16T22:38:05Z,8823155,0.32,5.1,900000,64.8,6858048,22308,111731,12293428,148919,0,0.1,749112,25,37,0xe0000,798,91928,0
2026-09-16T22:38:10Z,8823160,0.30,7.4,1200000,65.7,6859284,22308,111182,12299895,242152,0,0.3,749112,25,37,0xe0000,798,91928,0
2026-09-16T22:38:16Z,8823165,0.27,6.5,1800000,65.2,6860632,22308,110612,12273870,290456,0,0.1,749112,25,37,0xe0000,798,91928,0
2026-09-16T22:38:21Z,8823170,0.33,5.7,1100000,65.2,6862132,22308,112098,12322426,180080,0,0.2,749112,25,37,0xe0000,798,91928,0
2026-09-16T22:38:26Z,8823176,0.31,8.6,1100000,65.2,6857488,22308,115814,12294553,86644,0,0.1,749112,25,37,0xe0000,798,91928,0
2026-09-16T22:38:31Z,8823181,0.28,5.4,1800000,65.2,6860136,22308,113982,12297853,141546,0,0.1,749112,25,37,0xe0000,798,91928,0
2026-09-16T22:38:36Z,8823186,0.34,5.4,1000000,65.2,6857156,22308,112175,12292221,125781,0,0.0,749112,25,38,0xe0000,799,91928,0
2026-09-16T22:38:41Z,8823191,0.39,7.5,1200000,65.2,6858156,22308,111954,12289967,198030,0,0.1,749112,25,37,0xe0000,800,91928,0
2026-09-16T22:38:46Z,8823196,0.36,6.5,1800000,65.2,6857148,22308,112954,12280657,131868,0,0.1,749112,25,37,0xe0000,802,91928,0
2026-09-16T22:38:52Z,8823201,0.33,7.2,1200000,64.8,6857936,22308,113819,12318675,217111,804,0.1,749112,26,37,0xe0000,804,91930,0
2026-09-16T22:38:57Z,8823206,0.30,5.7,1800000,66.2,6859276,22308,111086,12263893,166357,11143,0.2,749112,26,37,0xe0000,805,91930,0
2026-09-16T22:39:02Z,8823211,0.28,7.4,1800000,64.3,6858992,22308,116714,12316509,172022,0,0.1,749112,25,37,0xe0000,806,91930,0
2026-09-16T22:39:07Z,8823217,0.34,5.1,1100000,64.8,6859656,22308,116316,12306096,152488,0,0.2,749112,23,37,0xe0000,806,91930,0
2026-09-16T22:39:12Z,8823222,0.47,6.2,1200000,65.7,6858360,22308,116439,12306810,70775,0,0.0,749112,23,37,0xe0000,809,91930,0
2026-09-16T22:39:17Z,8823227,0.43,5.6,1800000,65.7,6861464,22308,117089,12272901,143762,0,0.2,749112,24,37,0xe0000,809,91932,0
2026-09-16T22:39:22Z,8823232,0.40,6.9,1800000,64.3,6859944,22308,118101,12327199,94801,0,0.2,749112,24,38,0xe0000,811,91932,0
2026-09-16T22:39:27Z,8823237,0.37,5.3,1000000,65.7,6859876,22308,117518,12302142,74785,9547,0.0,749112,24,37,0xe0000,813,91934,0
2026-09-16T22:39:33Z,8823242,0.34,7.5,1000000,64.8,6860928,22308,117550,12298583,65197,0,0.2,749112,23,37,0xe0000,813,91934,0
2026-09-16T22:39:38Z,8823247,0.31,6.5,1800000,65.7,6861444,22308,117910,12269786,17483,0,0.0,749112,24,38,0xe0000,814,91934,0
2026-09-16T22:39:43Z,8823253,0.58,7.7,1200000,64.8,6857440,22308,115736,12319197,137400,0,0.1,749112,24,37,0xe0000,816,91934,0
2026-09-16T22:39:48Z,8823258,0.54,6.0,1800000,65.2,6857868,22308,118371,12279792,133982,0,0.0,749112,24,37,0xe0000,817,91934,0
2026-09-16T22:39:53Z,8823263,0.49,5.7,1800000,64.3,6859192,22308,74240,7755754,60291,0,0.1,749112,25,31,0xe0000,818,91934,0
2026-09-16T22:39:58Z,8823268,0.45,3.3,1100000,64.8,6860120,22308,40281,4691872,95584,0,0.1,749112,26,37,0xe0000,818,91934,0
2026-09-16T22:40:03Z,8823273,0.42,6.7,1200000,65.7,6860152,22308,106819,12299706,84318,0,0.2,749112,26,37,0xe0000,818,91934,0
2026-09-16T22:40:09Z,8823278,0.46,6.9,1100000,65.7,6860956,22308,100728,12290880,161658,0,0.0,749112,26,37,0xe0000,818,91934,0
2026-09-16T22:40:14Z,8823283,0.43,6.9,1100000,65.2,6863000,22308,106799,12293659,185678,0,0.0,749112,26,37,0xe0000,818,91934,0
2026-09-16T22:40:19Z,8823288,0.39,5.4,1200000,65.2,6858832,22308,111352,12316043,144615,0,0.0,749112,27,37,0xe0000,819,91934,0
2026-09-16T22:40:24Z,8823294,0.36,9.1,1200000,64.8,6856708,22052,113024,12290509,126423,0,0.0,749112,27,37,0xe0000,819,91934,0
2026-09-16T22:40:29Z,8823299,0.41,7.4,1800000,64.8,6856784,22052,111194,12300827,37419,0,0.1,749112,27,38,0xe0000,819,91934,0
2026-09-16T22:40:34Z,8823304,0.38,5.2,1100000,65.7,6856976,22052,111339,12309583,123250,0,0.1,749112,27,38,0xe0000,821,91934,0
2026-09-16T22:40:39Z,8823309,0.35,7.6,1000000,64.8,6859256,22052,115100,12291587,89858,0,0.2,749112,27,38,0xe0000,822,91934,0
2026-09-16T22:40:45Z,8823314,0.48,7.7,1200000,65.2,6858416,22052,110358,12301705,49273,0,0.1,749112,28,38,0xe0000,822,91934,0
2026-09-16T22:40:50Z,8823319,0.44,7.6,1000000,65.2,6858104,22052,107123,12302022,192299,0,0.2,749112,28,38,0xe0000,822,91934,0
2026-09-16T22:40:55Z,8823325,0.41,8.1,900000,63.8,6855900,22052,111496,12289492,189096,0,0.1,749112,28,38,0xe0000,822,91934,0
2026-09-16T22:41:00Z,8823330,0.45,6.5,1800000,65.2,6852272,22052,105834,12302344,79364,794,0.2,749112,29,38,0xe0000,822,91934,0
2026-09-16T22:41:05Z,8823335,0.42,5.4,1000000,65.7,6851772,22052,106483,12297606,252091,11966,0.1,749112,26,38,0xe0000,822,91934,0
2026-09-16T22:41:10Z,8823340,0.38,5.6,1800000,65.2,6852768,22052,108823,12300449,140755,0,0.1,749112,26,38,0xe0000,822,91934,0
2026-09-16T22:41:15Z,8823345,0.51,5.8,1800000,65.2,6852200,22052,108060,12288080,50937,0,0.2,749112,26,38,0xe0000,822,91934,0
2026-09-16T22:41:21Z,8823350,0.47,4.8,1000000,64.3,6853928,22052,106286,12301631,45453,0,0.0,749112,26,38,0xe0000,822,91934,0
2026-09-16T22:41:26Z,8823355,0.43,7.8,800000,65.2,6854352,22052,107825,12293549,66778,0,0.1,749112,26,38,0xe0000,822,91934,0
2026-09-16T22:41:31Z,8823361,0.40,6.3,1100000,64.8,6853004,22052,108395,12302778,135172,0,0.3,749112,26,38,0xe0000,822,91934,0
2026-09-16T22:41:36Z,8823366,0.37,7.9,1800000,64.8,6848136,22052,110005,12296733,170764,10325,0.1,749112,26,38,0xe0000,822,91934,0
2026-09-16T22:41:41Z,8823371,0.34,5.0,1000000,64.8,6849424,22052,107328,12302801,43968,0,0.1,749112,26,38,0xe0000,822,91934,0
2026-09-16T22:41:46Z,8823376,0.31,5.5,1200000,64.8,6850380,22052,105834,12295635,134209,0,0.0,749112,26,37,0xe0000,822,91934,0
2026-09-16T22:41:51Z,8823381,0.28,7.6,1000000,65.2,6850912,22052,108976,12294445,106452,0,0.2,749112,26,37,0xe0000,822,91934,0
2026-09-16T22:41:57Z,8823386,0.26,6.8,1800000,65.7,6849400,22052,104424,12277065,44530,0,0.0,749112,26,37,0xe0000,822,91934,0
2026-09-16T22:42:02Z,8823391,0.24,6.4,1800000,64.8,6849264,22052,108521,12300760,95607,0,0.1,749112,26,37,0xe0000,822,91934,0
2026-09-16T22:42:07Z,8823396,0.22,6.6,1100000,65.2,6850804,22052,110885,12331929,106088,0,0.2,749112,26,37,0xe0000,822,91934,0
2026-09-16T22:42:12Z,8823402,0.20,7.4,1100000,63.8,6851088,22052,107660,12278128,70707,0,0.2,749112,26,37,0xe0000,822,91934,0
2026-09-16T22:42:17Z,8823407,0.19,6.8,1800000,65.2,6850152,22052,107007,12285203,66112,0,0.1,749112,26,37,0xe0000,822,91934,0
2026-09-16T22:42:22Z,8823412,0.17,5.8,1100000,65.2,6850532,22052,106383,12317574,27333,0,0.0,749112,26,37,0xe0000,822,91934,0
2026-09-16T22:42:27Z,8823417,0.24,6.3,1800000,65.7,6851596,22052,107755,12278642,85023,0,0.1,749112,26,37,0xe0000,822,91934,0
2026-09-16T22:42:32Z,8823422,0.22,7.8,1100000,63.8,6851840,22052,110217,12306681,30545,0,0.0,749112,26,37,0xe0000,822,91934,0
2026-09-16T22:42:38Z,8823427,0.20,7.1,1100000,64.3,6852392,22052,105869,12309758,47876,0,0.0,749112,26,37,0xe0000,822,91934,0
2026-09-16T22:42:43Z,8823432,0.18,7.1,1800000,64.8,6852828,22052,107823,12302139,109542,0,0.1,749112,24,37,0xe0000,822,91934,0
2026-09-16T22:42:48Z,8823438,0.17,5.0,1000000,63.8,6852148,22052,104836,12300606,85279,0,0.0,749112,24,37,0xe0000,822,91934,0
2026-09-16T22:42:53Z,8823443,0.22,7.4,1800000,64.3,6852156,22052,106536,12295143,20648,0,0.0,749112,24,37,0xe0000,822,91934,0
2026-09-16T22:42:58Z,8823448,0.20,5.8,900000,66.2,6853524,22052,102859,12297103,60538,0,0.1,749112,24,37,0xe0000,822,91934,0
2026-09-16T22:43:03Z,8823453,0.18,5.7,1800000,65.2,6854768,22052,107480,12307099,68174,793,0.0,749112,25,37,0xe0000,822,91934,0
2026-09-16T22:43:09Z,8823458,0.25,6.2,900000,65.2,6853664,22052,106495,12287450,124876,9545,0.1,749112,24,37,0xe0000,822,91934,0
2026-09-16T22:43:14Z,8823463,0.31,7.3,1800000,63.8,6854520,22052,106612,12300088,13506,0,0.1,749112,24,37,0xe0000,822,91934,0
2026-09-16T22:43:19Z,8823468,0.37,5.1,1000000,65.2,6855560,22052,108896,12295969,121708,0,0.1,749112,24,37,0xe0000,822,91934,0
2026-09-16T22:43:24Z,8823474,0.42,7.7,1100000,63.8,6854484,22052,108363,12304272,25419,0,0.0,749112,24,37,0xe0000,822,91934,0
2026-09-16T22:43:29Z,8823479,0.38,6.3,1800000,65.2,6855228,22052,108087,12275622,19067,0,0.0,749112,24,37,0xe0000,822,91934,0
2026-09-16T22:43:34Z,8823484,0.35,6.8,1200000,65.2,6854932,22052,107583,12325474,79529,0,0.1,749112,24,37,0xe0000,822,91934,0
2026-09-16T22:43:39Z,8823489,0.40,6.3,1800000,64.3,6852476,22052,109594,12280459,13522,7954,0.0,749112,24,37,0xe0000,822,91934,0
2026-09-16T22:43:45Z,8823494,0.37,7.2,800000,64.3,6853652,22052,106205,12305396,91610,0,0.1,749112,24,37,0xe0000,822,91934,0
2026-09-16T22:43:50Z,8823499,0.34,5.7,1800000,64.8,6853556,22052,107125,12290775,23857,0,0.0,749112,24,37,0xe0000,822,91934,0
2026-09-16T22:43:55Z,8823504,0.39,5.7,1800000,64.8,6852420,22052,109608,12307369,30299,0,0.2,749112,24,37,0xe0000,822,91934,0
2026-09-16T22:44:00Z,8823510,0.36,5.3,1000000,64.8,6853384,22052,108136,12294706,29586,0,0.1,749112,24,38,0xe0000,822,91934,0
2026-09-16T22:44:05Z,8823515,0.73,7.3,1800000,64.3,6863480,22052,108817,12265607,67538,0,0.1,749112,24,37,0xe0000,822,91934,0
2026-09-16T22:44:10Z,8823520,0.84,6.0,1800000,65.7,6859320,22052,109084,12318032,44204,0,0.0,749112,24,37,0xe0000,822,91934,0
2026-09-16T22:44:15Z,8823525,0.77,5.2,1000000,65.2,6858112,22052,106994,12305176,114867,0,0.1,749112,24,37,0xe0000,822,91934,0
2026-09-16T22:44:20Z,8823530,0.71,7.5,1000000,63.3,6857372,22052,105274,12299815,118438,0,0.1,749112,24,37,0xe0000,822,91934,0
2026-09-16T22:44:26Z,8823535,0.65,5.5,1800000,65.2,6860292,22052,108879,12300655,102577,0,0.2,749112,24,37,0xe0000,822,91934,0
2026-09-16T22:44:31Z,8823540,0.60,5.3,1100000,65.2,6860784,22052,108259,12294480,39816,0,0.0,749112,24,37,0xe0000,822,91934,0
2026-09-16T22:44:36Z,8823546,0.55,7.6,1800000,63.8,6861852,22052,107001,12266142,133557,0,0.2,749112,24,38,0xe0000,822,91934,0
2026-09-16T22:44:41Z,8823551,0.59,6.2,1200000,63.8,6860584,22052,107867,12320203,154384,0,0.2,749112,24,37,0xe0000,822,91934,0
2026-09-16T22:44:46Z,8823556,0.54,7.0,1800000,65.2,6856812,22052,107200,12284624,25442,0,0.0,749112,24,38,0xe0000,822,91934,0
2026-09-16T22:44:51Z,8823561,0.49,5.2,900000,65.7,6857316,22052,107191,12301129,71548,0,0.0,749112,25,37,0xe0000,822,91934,0
2026-09-16T22:44:56Z,8823566,0.45,7.2,1800000,65.2,6857044,22052,109919,12283280,15906,0,0.2,749112,25,37,0xe0000,822,91934,0
2026-09-16T22:45:01Z,8823571,0.42,6.1,1800000,66.2,6860528,22052,109251,12275433,90003,804,0.1,749112,26,37,0xe0000,822,91934,0
2026-09-16T22:45:07Z,8823576,0.46,5.9,1200000,66.2,6857360,22052,110338,12309060,77139,11249,0.1,749112,26,37,0xe0000,822,91934,0
2026-09-16T22:45:12Z,8823581,0.43,8.2,1800000,65.2,6853796,22052,112497,12269498,35799,0,0.0,749112,25,37,0xe0000,822,91934,0
2026-09-16T22:45:17Z,8823586,0.39,5.5,1200000,65.2,6854500,22052,111287,12309849,138125,0,0.0,749112,25,37,0xe0000,822,91934,0
2026-09-16T22:45:22Z,8823592,0.36,7.5,1800000,64.8,6854652,22052,112854,12295549,69892,0,0.2,749112,25,37,0xe0000,822,91934,0
2026-09-16T22:45:27Z,8823597,0.33,5.9,1000000,64.3,6855684,22052,109266,12293968,25523,0,0.0,749112,25,37,0xe0000,822,91934,0
2026-09-16T22:45:32Z,8823602,0.30,7.5,1200000,63.8,6863888,22052,110763,12282727,64392,0,0.1,749112,25,37,0xe0000,822,91934,0
2026-09-16T22:45:37Z,8823607,0.28,7.5,1800000,63.8,6863516,22052,109996,12274378,129204,9571,0.0,749112,25,37,0xe0000,822,91934,0
2026-09-16T22:45:42Z,8823612,0.26,6.0,1200000,65.7,6860752,22052,110806,12299801,124592,0,0.2,749112,25,37,0xe0000,822,91934,0
2026-09-16T22:45:48Z,8823617,0.24,8.1,1800000,65.2,6859968,22052,112133,12265407,71743,0,0.1,749112,25,37,0xe0000,822,91934,0
2026-09-16T22:45:53Z,8823622,0.30,6.0,1100000,63.8,6859804,22052,109206,12302760,35370,0,0.0,749112,25,37,0xe0000,822,91934,0
2026-09-16T22:45:58Z,8823628,0.35,8.7,1100000,64.8,6857092,22052,112011,12283959,55666,0,0.2,749112,25,37,0xe0000,822,91934,0
2026-09-16T22:46:03Z,8823633,0.33,7.3,1000000,64.3,6858768,22052,113656,12282528,19069,0,0.1,749112,25,37,0xe0000,822,91934,0
2026-09-16T22:46:08Z,8823638,0.75,5.8,1200000,65.7,6858328,22052,110589,12283141,102458,2383,0.1,749112,25,37,0xe0000,822,91934,0
2026-09-16T22:46:13Z,8823643,0.69,7.2,900000,63.8,6857664,22052,113652,12293730,130978,0,0.2,749112,25,37,0xe0000,822,91934,0
2026-09-16T22:46:18Z,8823648,1.04,7.8,1800000,65.2,6856688,22052,113303,12266574,158431,0,0.1,749112,25,37,0xe0000,822,91934,0
2026-09-16T22:46:24Z,8823653,0.95,6.6,900000,64.3,6856880,22052,110602,12315779,73946,0,0.1,749112,25,38,0xe0000,822,91934,0
2026-09-16T22:46:29Z,8823658,0.88,5.1,1800000,64.8,6857416,22052,108424,12286471,79557,0,0.0,749112,25,37,0xe0000,822,91934,0
2026-09-16T22:46:34Z,8823664,0.89,5.3,900000,64.3,6857100,22052,112075,12293114,53478,0,0.1,749112,25,37,0xe0000,822,91934,0
2026-09-16T22:46:39Z,8823669,0.81,4.9,1800000,65.2,6857940,22052,107059,12286589,71504,794,0.0,749112,25,37,0xe0000,822,91934,0
2026-09-16T22:46:44Z,8823674,0.75,5.0,1000000,64.3,6858424,22052,106248,12295945,2389,0,0.1,749112,25,37,0xe0000,822,91934,0
2026-09-16T22:46:49Z,8823679,0.69,7.4,1800000,65.2,6857148,22052,115128,12277862,54872,0,0.0,749112,25,37,0xe0000,822,91934,0
2026-09-16T22:46:54Z,8823684,0.79,6.8,1000000,64.3,6858340,22052,111177,12315381,32923,0,0.0,749112,25,37,0xe0000,822,91934,0
2026-09-16T22:47:00Z,8823689,0.73,5.7,1800000,64.8,6858328,22052,112139,12297919,62786,0,0.0,749112,25,37,0xe0000,822,91934,0
2026-09-16T22:47:05Z,8823694,0.67,5.8,1000000,64.8,6858120,22052,111995,12290069,63633,0,0.0,749112,25,37,0xe0000,822,91934,0
2026-09-16T22:47:10Z,8823700,0.62,6.4,1100000,65.2,6858368,22052,111582,12274466,79288,793,0.0,749112,26,37,0xe0000,822,91934,0
2026-09-16T22:47:15Z,8823705,0.57,7.6,900000,65.2,6859768,22052,112203,12270544,37341,11123,0.0,749112,25,37,0xe0000,822,91934,0
2026-09-16T22:47:20Z,8823710,0.52,5.9,1000000,64.3,6854880,22052,112989,12298627,32654,0,0.2,749112,25,37,0xe0000,822,91934,0
2026-09-16T22:47:25Z,8823715,0.48,5.8,1800000,64.8,6855404,22052,112728,12294910,34851,0,0.0,749112,25,37,0xe0000,822,91934,0
2026-09-16T22:47:31Z,8823720,0.44,5.1,1100000,65.2,6855568,22052,109601,12301416,19879,0,0.1,749112,25,37,0xe0000,822,91934,0
2026-09-16T22:47:36Z,8823725,0.41,7.5,1800000,63.8,6852684,22052,113779,12291134,57255,0,0.1,749112,25,37,0xe0000,822,91934,0
2026-09-16T22:47:41Z,8823730,0.37,6.2,1000000,63.8,6851808,22052,111362,12285312,1592,0,0.0,749112,25,37,0xe0000,822,91934,0
2026-09-16T22:47:46Z,8823736,0.50,7.6,1800000,64.3,6851984,22052,108544,12284036,111203,9532,0.0,749112,25,37,0xe0000,822,91934,0
2026-09-16T22:47:51Z,8823741,0.54,4.9,800000,64.3,6849652,22052,111392,12290121,13647,0,0.1,749112,25,37,0xe0000,822,91934,0
2026-09-16T22:47:56Z,8823746,0.50,6.8,1200000,64.8,6847132,22052,112451,12291192,35005,0,0.0,749112,25,37,0xe0000,822,91934,0
2026-09-16T22:48:01Z,8823751,0.54,7.4,1800000,64.8,6846188,22052,113646,12297648,71594,0,0.1,749112,25,37,0xe0000,822,91934,0
2026-09-16T22:48:07Z,8823756,0.50,5.7,1000000,64.3,6853708,22052,111940,12293567,0,0,0.0,749112,25,37,0xe0000,822,91934,0
2026-09-16T22:48:12Z,8823761,0.46,7.3,1800000,64.3,6851308,22052,110767,12284870,108154,0,0.0,749112,25,37,0xe0000,822,91934,0
2026-09-16T22:48:17Z,8823766,0.82,5.5,1200000,64.8,6853408,22052,111719,12296042,31846,0,0.1,749112,25,37,0xe0000,822,91934,0
2026-09-16T22:48:22Z,8823772,0.75,6.5,1200000,64.3,6853844,22052,109953,12291286,15115,0,0.1,749112,25,37,0xe0000,822,91934,0
2026-09-16T22:48:27Z,8823777,0.69,8.7,1800000,64.3,6857324,22052,110072,12269527,87483,0,0.0,749112,25,37,0xe0000,822,91934,0
2026-09-16T22:48:32Z,8823782,0.72,5.9,1800000,65.2,6857768,22052,109241,12312868,66705,0,0.0,749112,25,37,0xe0000,822,91934,0
2026-09-16T22:48:37Z,8823787,0.66,5.3,1800000,65.2,6858140,22052,108555,12293360,33450,0,0.0,749112,25,37,0xe0000,822,91934,0
2026-09-16T22:48:42Z,8823792,0.61,5.4,800000,64.3,6855756,22052,111276,12292714,71132,0,0.1,749112,25,37,0xe0000,822,91934,0
2026-09-16T22:48:48Z,8823797,0.64,7.3,1800000,64.8,6853628,22052,109855,12276574,42889,0,0.0,749112,25,37,0xe0000,822,91934,0
2026-09-16T22:48:53Z,8823802,0.67,5.8,900000,63.8,6853188,22052,112378,12307254,36157,0,0.0,749112,25,37,0xe0000,822,91934,0
2026-09-16T22:48:58Z,8823807,0.62,7.7,1800000,64.8,6847492,22052,112265,12275778,41396,0,0.1,749112,25,37,0xe0000,822,91934,0
2026-09-16T22:49:03Z,8823813,0.81,6.2,1200000,63.8,6850868,22052,109822,12311950,12862,0,0.0,749112,25,37,0xe0000,822,91934,0
2026-09-16T22:49:08Z,8823818,0.74,7.9,1200000,64.8,6846024,22052,111310,12292253,69244,0,0.0,749112,25,37,0xe0000,822,91934,0
2026-09-16T22:49:13Z,8823823,0.68,6.1,700000,63.8,6855524,22052,111817,12272970,54660,792,0.1,749112,26,37,0xe0000,822,91934,0
2026-09-16T22:49:18Z,8823828,0.95,5.9,1200000,64.3,6856256,22052,110768,12313670,83505,11134,0.0,749112,25,37,0xe0000,822,91934,0
2026-09-16T22:49:24Z,8823833,0.87,7.5,1000000,64.3,6856992,22052,110197,12282301,42147,0,0.2,749112,25,37,0xe0000,822,91934,0
2026-09-16T22:49:29Z,8823838,0.88,7.5,1800000,65.2,6855272,22052,109607,12286368,44534,0,0.1,749112,25,37,0xe0000,822,91934,0
2026-09-16T22:49:34Z,8823843,0.81,5.9,1100000,63.8,6855932,22052,110055,12300865,57857,0,0.0,749112,25,38,0xe0000,822,91934,0
2026-09-16T22:49:39Z,8823849,0.75,7.4,1200000,63.8,6854192,22052,112327,12290507,53289,0,0.0,749112,25,37,0xe0000,822,91934,0
2026-09-16T22:49:44Z,8823854,0.68,7.7,900000,64.3,6851924,22052,114678,12289064,33399,0,0.1,749112,25,37,0xe0000,822,91934,0
2026-09-16T22:49:49Z,8823859,0.63,6.8,1800000,65.2,6850572,22052,111701,12268509,21485,9549,0.0,749112,25,37,0xe0000,822,91934,0
2026-09-16T22:49:54Z,8823864,0.74,6.7,1000000,64.8,6849032,22052,112063,12315309,14469,0,0.1,749112,25,37,0xe0000,822,91934,0
2026-09-16T22:50:00Z,8823869,0.68,2.6,1800000,64.3,6850408,22052,45064,4917621,0,0,0.0,749112,25,31,0xe0000,822,91934,0
2026-09-16T22:50:05Z,8823874,0.63,4.9,1000000,64.3,6851464,22052,64508,7591737,21474,0,0.1,749112,25,37,0xe0000,822,91934,0
2026-09-16T22:50:10Z,8823879,0.58,5.8,1800000,64.8,6852112,22052,99982,12282385,12728,0,0.0,749112,25,37,0xe0000,822,91934,0
2026-09-16T22:50:15Z,8823885,0.53,6.3,1200000,64.3,6851124,22052,102079,12314554,9642,0,0.0,749112,25,37,0xe0000,822,91934,0
2026-09-16T22:50:20Z,8823890,0.49,6.1,1800000,63.8,6850384,22052,102031,12268744,66801,0,0.0,749112,25,37,0xe0000,823,91934,0
2026-09-16T22:50:25Z,8823895,0.45,5.9,1200000,63.8,6852628,22052,103239,12311432,61080,0,0.1,749112,25,37,0xe0000,823,91934,0
2026-09-16T22:50:30Z,8823900,0.41,6.0,1800000,63.8,6860264,22052,103513,12295808,85092,0,0.2,749112,25,37,0xe0000,823,91934,0
2026-09-16T22:50:35Z,8823905,0.38,7.7,900000,64.3,6858984,22052,106303,12308406,152573,0,0.2,749112,25,37,0xe0000,823,91934,0
2026-09-16T22:50:41Z,8823910,0.35,5.4,1000000,63.8,6858400,22052,104285,12291292,146360,0,0.1,749112,25,37,0xe0000,823,91934,0
2026-09-16T22:50:46Z,8823915,0.32,6.9,1800000,64.3,6857996,22052,102220,12289875,74604,0,0.1,749112,25,37,0xe0000,823,91934,0
2026-09-16T22:50:51Z,8823921,0.29,5.2,900000,64.8,6859440,22052,103711,12307311,2399,0,0.0,749112,25,37,0xe0000,823,91934,0
2026-09-16T22:50:56Z,8823926,0.27,7.4,1800000,64.8,6857932,22052,104032,12289635,37317,0,0.0,749112,25,37,0xe0000,823,91934,0
2026-09-16T22:51:01Z,8823931,0.25,5.2,1000000,63.3,6856216,22052,105216,12307725,0,0,0.0,749112,25,37,0xe0000,824,91934,0
2026-09-16T22:51:06Z,8823936,0.23,8.9,1000000,63.8,6857276,22052,104261,12299500,124671,2382,0.1,749112,25,37,0xe0000,824,91934,0
2026-09-16T22:51:11Z,8823941,0.37,8.3,1800000,63.3,6856076,22052,105560,12311734,106599,796,0.0,749112,26,37,0xe0000,824,91934,0
2026-09-16T22:51:17Z,8823946,0.34,5.6,1000000,64.8,6855808,22052,102392,12287749,123373,10347,0.1,749112,26,37,0xe0000,824,91934,0
2026-09-16T22:51:22Z,8823951,0.31,5.9,1800000,63.8,6854308,22052,103103,12277825,69946,0,0.0,749112,25,37,0xe0000,824,91934,0
2026-09-16T22:51:27Z,8823957,0.45,6.9,900000,63.8,6862456,22052,103418,12312309,71529,0,0.0,749112,25,37,0xe0000,824,91934,0
2026-09-16T22:51:32Z,8823962,0.41,8.0,1100000,63.8,6859076,22052,105608,12289381,32557,0,0.0,749112,25,37,0xe0000,825,91934,0
2026-09-16T22:51:37Z,8823967,0.38,8.5,1800000,64.3,6857496,22052,109678,12315069,2386,9543,0.0,749112,25,37,0xe0000,827,91934,0
2026-09-16T22:51:42Z,8823972,0.43,6.9,1000000,65.2,6856684,22052,104724,12296638,104134,0,0.0,749112,25,37,0xe0000,828,91934,0
2026-09-16T22:51:47Z,8823977,0.39,7.4,1800000,65.7,6854024,22052,105750,12305884,65004,0,0.0,749112,25,37,0xe0000,828,91934,0
2026-09-16T22:51:53Z,8823982,0.52,5.5,1000000,64.3,6855472,22052,103537,12296690,17524,0,0.0,749112,25,37,0xe0000,828,91934,0
2026-09-16T22:51:58Z,8823987,0.56,9.1,1800000,64.3,6851016,22052,103897,12280416,28617,0,0.0,749112,25,37,0xe0000,829,91934,0
2026-09-16T22:52:03Z,8823993,0.52,6.5,1800000,64.3,6854256,22052,103632,12310508,48249,804,0.0,749112,25,38,0xe0000,830,91934,0
2026-09-16T22:52:08Z,8823998,0.47,6.7,1800000,64.3,6853744,22052,106612,12309565,87783,9576,0.0,749112,25,37,0xe0000,831,91934,0
2026-09-16T22:52:13Z,8824003,0.68,5.0,900000,64.8,6854924,22052,104196,12297853,12790,0,0.0,749112,25,37,0xe0000,832,91934,0
2026-09-16T22:52:18Z,8824008,0.78,8.0,1800000,65.2,6853836,22052,103473,12280663,98587,0,0.0,749112,25,37,0xe0000,832,91934,0
2026-09-16T22:52:23Z,8824013,0.72,4.9,900000,63.8,6854252,22052,106715,12317948,127844,0,0.1,749112,25,37,0xe0000,832,91934,0
2026-09-16T22:52:29Z,8824018,0.83,7.4,1000000,64.8,6855056,22052,105451,12299120,53310,0,0.0,749112,25,37,0xe0000,832,91934,0
2026-09-16T22:52:34Z,8824023,0.76,5.2,1800000,64.3,6855136,22052,108029,12286462,28624,0,0.0,749112,25,37,0xe0000,832,91934,0
2026-09-16T22:52:39Z,8824028,0.70,5.7,1000000,63.3,6853180,22052,105137,12305629,22287,0,0.0,749112,25,37,0xe0000,832,91934,0
2026-09-16T22:52:44Z,8824034,0.64,8.8,1200000,63.8,6862248,22052,111254,12285712,31779,7945,0.0,749112,25,37,0xe0000,832,91934,0
2026-09-16T22:52:49Z,8824039,0.67,7.6,1800000,64.3,6860040,22052,110201,12279631,60418,0,0.0,749112,25,37,0xe0000,832,91934,0
2026-09-16T22:52:54Z,8824044,0.62,5.3,1200000,63.8,6861124,22052,110809,12319253,36197,0,0.1,749112,25,37,0xe0000,832,91934,0
2026-09-16T22:52:59Z,8824049,0.73,6.9,1800000,64.3,6861904,22052,110026,12281970,47682,0,0.0,749112,25,37,0xe0000,832,91934,0
2026-09-16T22:53:04Z,8824054,0.67,6.4,1200000,63.8,6861124,22052,111496,12309118,37751,0,0.1,749112,25,37,0xe0000,832,91934,0
2026-09-16T22:53:10Z,8824059,0.62,7.0,1800000,65.2,6859348,22052,108884,12268819,11130,0,0.0,749112,25,37,0xe0000,832,91934,0
2026-09-16T22:53:15Z,8824064,0.73,7.1,900000,63.8,6855564,22052,113275,12318775,60261,0,0.0,749112,25,38,0xe0000,832,91934,0
2026-09-16T22:53:20Z,8824070,0.67,6.4,1800000,63.8,6855888,22052,111400,12282078,96753,793,0.2,749112,26,37,0xe0000,832,91934,0
2026-09-16T22:53:25Z,8824075,0.62,5.4,1000000,64.3,6856800,22052,112840,12289637,63022,11168,0.0,749112,25,37,0xe0000,832,91934,0
2026-09-16T22:53:30Z,8824080,0.57,5.8,1800000,63.8,6858252,22052,110506,12295663,23858,0,0.2,749112,25,37,0xe0000,832,91934,0
2026-09-16T22:53:35Z,8824085,0.68,5.1,1000000,63.8,6856584,22052,113123,12288248,79636,0,0.0,749112,25,37,0xe0000,832,91934,0
2026-09-16T22:53:40Z,8824090,0.63,6.7,1800000,65.2,6854848,22052,110308,12278172,0,0,0.0,749112,25,37,0xe0000,832,91934,0
2026-09-16T22:53:46Z,8824095,0.82,6.8,1800000,64.3,6854628,22052,113930,12292187,13660,0,0.1,749112,25,37,0xe0000,832,91934,0
2026-09-16T22:53:51Z,8824100,0.83,6.4,1800000,64.8,6858364,22052,113918,12312841,0,0,0.0,749112,25,37,0xe0000,832,91934,0
2026-09-16T22:53:56Z,8824105,0.77,5.0,1100000,64.8,6856776,22052,109029,12292628,58849,0,0.1,749112,25,37,0xe0000,832,91934,0
2026-09-16T22:54:01Z,8824111,0.70,6.4,1800000,63.8,6855536,22052,108411,12278929,0,9556,0.0,749112,25,37,0xe0000,832,91934,0
2026-09-16T22:54:06Z,8824116,0.73,6.5,900000,63.8,6853692,22052,111510,12309084,56277,0,0.0,749112,25,38,0xe0000,832,91934,0
2026-09-16T22:54:11Z,8824121,0.83,8.6,1100000,64.3,6855116,22052,110819,12301831,28591,0,0.0,749112,25,38,0xe0000,832,91934,0
2026-09-16T22:54:16Z,8824126,0.76,8.4,1800000,63.8,6853888,22052,113309,12269419,34210,0,0.0,749112,25,38,0xe0000,832,91934,0
2026-09-16T22:54:21Z,8824131,0.78,5.4,1000000,63.8,6855536,22052,112418,12311527,28863,0,0.0,749112,25,39,0xe0000,832,91934,0
2026-09-16T22:54:27Z,8824136,0.72,8.4,1100000,63.8,6858020,22052,112134,12291271,64307,0,0.1,749112,25,38,0xe0000,832,91934,0
2026-09-16T22:54:32Z,8824141,0.66,6.1,1800000,63.8,6856456,22052,108208,12267687,0,0,0.0,749112,25,38,0xe0000,832,91934,0
2026-09-16T22:54:37Z,8824147,0.69,6.5,1100000,64.8,6856528,22052,111595,12308942,0,0,0.0,749112,25,38,0xe0000,832,91934,0
2026-09-16T22:54:42Z,8824152,0.63,5.7,1800000,65.2,6858636,22052,108404,12272736,59671,0,0.0,749112,25,38,0xe0000,832,91934,0
2026-09-16T22:54:47Z,8824157,0.58,6.8,1800000,63.3,6858308,22052,108858,12309836,124618,0,0.1,749112,25,38,0xe0000,832,91934,0
2026-09-16T22:54:52Z,8824162,0.54,6.3,1100000,64.8,6858944,22052,113628,12297833,0,0,0.0,749112,25,38,0xe0000,832,91934,0
2026-09-16T22:54:57Z,8824167,0.49,7.7,1000000,63.8,6858388,22052,111131,12291331,51706,0,0.2,749112,25,38,0xe0000,832,91934,0
2026-09-16T22:55:03Z,8824172,0.45,5.7,1800000,64.8,6856688,22052,113993,12163756,50935,0,0.0,749112,25,38,0xe0000,832,91934,0
2026-09-16T22:55:08Z,8824177,0.42,5.1,1100000,64.3,6859028,22052,111521,12289229,28680,0,0.1,749112,25,38,0xe0000,832,91934,0
2026-09-16T22:55:13Z,8824182,0.38,7.8,1800000,62.8,6860224,22052,113298,12218793,46146,0,0.2,749112,25,38,0xe0000,832,91934,0
2026-09-16T22:55:18Z,8824188,0.35,4.6,1100000,63.3,6860516,22052,112837,12229714,0,0,0.0,749112,25,37,0xe0000,832,91934,0
2026-09-16T22:55:23Z,8824193,0.32,6.7,1800000,64.3,6858168,21796,114347,12292009,35705,793,0.1,749112,26,38,0xe0000,832,91934,0
2026-09-16T22:55:28Z,8824198,0.30,5.3,1800000,64.3,6859212,21796,112075,12292225,36624,11146,0.0,749112,25,37,0xe0000,832,91934,0
2026-09-16T22:55:33Z,8824203,0.27,5.4,900000,64.3,6855976,21796,112524,12211824,19961,0,0.0,749112,25,37,0xe0000,832,91934,0
2026-09-16T22:55:39Z,8824208,0.25,5.8,1800000,64.8,6854856,21796,110701,12283908,41307,0,0.1,749112,25,37,0xe0000,832,91934,0
2026-09-16T22:55:44Z,8824213,0.65,5.3,1100000,62.8,6857088,21796,110730,12290685,35088,0,0.0,749112,25,37,0xe0000,832,91934,0
2026-09-16T22:55:49Z,8824219,0.60,5.9,1800000,63.8,6856004,21796,110015,12221418,19089,0,0.0,749112,25,37,0xe0000,832,91934,0
2026-09-16T22:55:54Z,8824224,0.55,6.2,1000000,64.3,6855652,21796,113906,12203237,0,0,0.0,749112,25,37,0xe0000,832,91934,0
2026-09-16T22:55:59Z,8824229,0.51,8.0,1800000,63.8,6854812,21796,112468,12277446,6358,9537,0.0,749112,25,37,0xe0000,832,91934,0
2026-09-16T22:56:04Z,8824234,0.71,5.1,1800000,63.8,6855940,21796,108210,12218500,1608,0,0.0,749112,25,37,0xe0000,832,91934,0
2026-09-16T22:56:09Z,8824239,0.65,5.3,1100000,64.3,6855724,21796,110805,12285398,0,0,0.0,749112,25,37,0xe0000,832,91934,0
2026-09-16T22:56:15Z,8824244,0.84,7.1,1200000,62.8,6854508,21796,109586,12181781,33427,0,0.1,749112,25,37,0xe0000,832,91934,0
2026-09-16T22:56:20Z,8824249,0.77,6.9,1800000,62.8,6852896,21796,110047,12267077,0,2389,0.0,749112,25,37,0xe0000,832,91934,0
2026-09-16T22:56:25Z,8824254,0.71,6.0,1800000,64.8,6850320,21796,90961,9947666,32135,0,0.0,749112,25,37,0xe0000,832,91934,0
2026-09-16T22:56:30Z,8824260,0.73,1.2,1100000,63.3,6849896,21796,306,3928,0,0,0.0,749112,25,37,0xe0000,832,91934,0
2026-09-16T22:56:35Z,8824265,0.68,1.8,900000,63.8,6854808,21796,281,2125,0,0,0.0,748852,11,37,0xe0000,832,91934,0
2026-09-16T22:56:40Z,8824270,0.62,1.8,1000000,62.8,6858072,21796,256,2077,0,0,0.0,748852,11,37,0xe0000,832,91934,0
2026-09-16T22:56:45Z,8824275,0.65,1.6,1100000,62.8,6859136,21796,280,330,0,0,0.0,748852,11,37,0xe0000,832,91934,0
2026-09-16T22:56:50Z,8824280,0.68,1.8,1800000,62.8,6858048,21796,292,346,0,795,0.0,748852,11,37,0xe0000,832,91934,0
2026-09-16T22:56:56Z,8824285,0.63,1.1,1800000,62.8,6858368,21796,1455,2146,0,0,0.0,748852,11,36,0xe0000,832,91934,0
2026-09-16T22:57:01Z,8824290,0.66,2.6,900000,63.8,6860292,21796,5135,1573,0,0,0.0,748852,11,36,0xe0000,832,91934,0
2026-09-16T22:57:06Z,8824296,0.60,1.6,1200000,63.3,6860488,21796,1528,347,0,0,0.0,748852,11,36,0xe0000,832,91934,0
2026-09-16T22:57:11Z,8824301,0.55,1.9,1800000,63.8,6858016,21796,415,347,0,0,0.0,748852,11,36,0xe0000,832,91934,0
